[     222ms] [LOG] [Fast Refresh] rebuilding @ http://localhost:3000/_next/static/chunks/node_modules_next_dist_1e8vcs8._.js:782
[     236ms] [LOG] [Fast Refresh] done in 125ms @ http://localhost:3000/_next/static/chunks/node_modules_next_dist_1e8vcs8._.js:782
[     291ms] [LOG] %c Console Ninja extension is connected to Next.js browser, background: rgb(30,30,30); color: rgb(255,213,92) see https://tinyurl.com/2vt8jxzw for more info. @ :0
[     311ms] [INFO] %cDownload the React DevTools for a better development experience: https://react.dev/link/react-devtools font-weight:bold @ http://localhost:3000/_next/static/chunks/node_modules_next_dist_1e8vcs8._.js:782
[     353ms] [LOG] [HMR] connected @ http://localhost:3000/_next/static/chunks/node_modules_next_dist_1e8vcs8._.js:782
[  279404ms] [LOG] [Fast Refresh] done in 244926ms @ http://localhost:3000/_next/static/chunks/node_modules_next_dist_1e8vcs8._.js:782
[  279462ms] [LOG] [Fast Refresh] done in 244926ms @ http://localhost:3000/_next/static/chunks/node_modules_next_dist_1e8vcs8._.js:782
[  279508ms] [LOG] [Fast Refresh] done in 244926ms @ http://localhost:3000/_next/static/chunks/node_modules_next_dist_1e8vcs8._.js:782
[  279569ms] [LOG] [Fast Refresh] done in 244926ms @ http://localhost:3000/_next/static/chunks/node_modules_next_dist_1e8vcs8._.js:782
[  279617ms] [LOG] [Fast Refresh] done in 244926ms @ http://localhost:3000/_next/static/chunks/node_modules_next_dist_1e8vcs8._.js:782
[  279678ms] [LOG] [Fast Refresh] done in 244926ms @ http://localhost:3000/_next/static/chunks/node_modules_next_dist_1e8vcs8._.js:782
[  279741ms] [LOG] [Fast Refresh] done in 244926ms @ http://localhost:3000/_next/static/chunks/node_modules_next_dist_1e8vcs8._.js:782
[  279803ms] [LOG] [Fast Refresh] done in 244926ms @ http://localhost:3000/_next/static/chunks/node_modules_next_dist_1e8vcs8._.js:782
[  279866ms] [LOG] [Fast Refresh] done in 244926ms @ http://localhost:3000/_next/static/chunks/node_modules_next_dist_1e8vcs8._.js:782
[  279928ms] [LOG] [Fast Refresh] done in 244926ms @ http://localhost:3000/_next/static/chunks/node_modules_next_dist_1e8vcs8._.js:782
[  279976ms] [LOG] [Fast Refresh] done in 244926ms @ http://localhost:3000/_next/static/chunks/node_modules_next_dist_1e8vcs8._.js:782
[  280039ms] [LOG] [Fast Refresh] done in 244926ms @ http://localhost:3000/_next/static/chunks/node_modules_next_dist_1e8vcs8._.js:782
[  280086ms] [LOG] [Fast Refresh] done in 244926ms @ http://localhost:3000/_next/static/chunks/node_modules_next_dist_1e8vcs8._.js:782
[  280149ms] [LOG] [Fast Refresh] done in 244926ms @ http://localhost:3000/_next/static/chunks/node_modules_next_dist_1e8vcs8._.js:782
[  280211ms] [LOG] [Fast Refresh] done in 244926ms @ http://localhost:3000/_next/static/chunks/node_modules_next_dist_1e8vcs8._.js:782
[  280259ms] [LOG] [Fast Refresh] done in 244926ms @ http://localhost:3000/_next/static/chunks/node_modules_next_dist_1e8vcs8._.js:782
[  280320ms] [LOG] [Fast Refresh] done in 244926ms @ http://localhost:3000/_next/static/chunks/node_modules_next_dist_1e8vcs8._.js:782
[  280383ms] [LOG] [Fast Refresh] done in 244926ms @ http://localhost:3000/_next/static/chunks/node_modules_next_dist_1e8vcs8._.js:782
[  280445ms] [LOG] [Fast Refresh] done in 244926ms @ http://localhost:3000/_next/static/chunks/node_modules_next_dist_1e8vcs8._.js:782
[  280493ms] [LOG] [Fast Refresh] done in 244926ms @ http://localhost:3000/_next/static/chunks/node_modules_next_dist_1e8vcs8._.js:782
[  280540ms] [LOG] [Fast Refresh] done in 244926ms @ http://localhost:3000/_next/static/chunks/node_modules_next_dist_1e8vcs8._.js:782
[  280603ms] [LOG] [Fast Refresh] done in 244926ms @ http://localhost:3000/_next/static/chunks/node_modules_next_dist_1e8vcs8._.js:782
[  280665ms] [LOG] [Fast Refresh] done in 244926ms @ http://localhost:3000/_next/static/chunks/node_modules_next_dist_1e8vcs8._.js:782
[  280727ms] [LOG] [Fast Refresh] done in 244926ms @ http://localhost:3000/_next/static/chunks/node_modules_next_dist_1e8vcs8._.js:782
[  280789ms] [LOG] [Fast Refresh] done in 244926ms @ http://localhost:3000/_next/static/chunks/node_modules_next_dist_1e8vcs8._.js:782
[  280851ms] [LOG] [Fast Refresh] done in 244926ms @ http://localhost:3000/_next/static/chunks/node_modules_next_dist_1e8vcs8._.js:782
[  280913ms] [LOG] [Fast Refresh] done in 244926ms @ http://localhost:3000/_next/static/chunks/node_modules_next_dist_1e8vcs8._.js:782
[  280960ms] [LOG] [Fast Refresh] done in 244926ms @ http://localhost:3000/_next/static/chunks/node_modules_next_dist_1e8vcs8._.js:782
[  281022ms] [LOG] [Fast Refresh] done in 244926ms @ http://localhost:3000/_next/static/chunks/node_modules_next_dist_1e8vcs8._.js:782
[  281085ms] [LOG] [Fast Refresh] done in 244926ms @ http://localhost:3000/_next/static/chunks/node_modules_next_dist_1e8vcs8._.js:782
[  281147ms] [LOG] [Fast Refresh] done in 244926ms @ http://localhost:3000/_next/static/chunks/node_modules_next_dist_1e8vcs8._.js:782
[  281208ms] [LOG] [Fast Refresh] done in 244926ms @ http://localhost:3000/_next/static/chunks/node_modules_next_dist_1e8vcs8._.js:782
[  281270ms] [LOG] [Fast Refresh] done in 244926ms @ http://localhost:3000/_next/static/chunks/node_modules_next_dist_1e8vcs8._.js:782
[  281318ms] [LOG] [Fast Refresh] done in 244926ms @ http://localhost:3000/_next/static/chunks/node_modules_next_dist_1e8vcs8._.js:782
[  281365ms] [LOG] [Fast Refresh] done in 244926ms @ http://localhost:3000/_next/static/chunks/node_modules_next_dist_1e8vcs8._.js:782
[  281428ms] [LOG] [Fast Refresh] done in 244926ms @ http://localhost:3000/_next/static/chunks/node_modules_next_dist_1e8vcs8._.js:782
[  281490ms] [LOG] [Fast Refresh] done in 244926ms @ http://localhost:3000/_next/static/chunks/node_modules_next_dist_1e8vcs8._.js:782
[  281538ms] [LOG] [Fast Refresh] done in 244926ms @ http://localhost:3000/_next/static/chunks/node_modules_next_dist_1e8vcs8._.js:782
[  281599ms] [LOG] [Fast Refresh] done in 244926ms @ http://localhost:3000/_next/static/chunks/node_modules_next_dist_1e8vcs8._.js:782
[  281661ms] [LOG] [Fast Refresh] done in 244926ms @ http://localhost:3000/_next/static/chunks/node_modules_next_dist_1e8vcs8._.js:782
[  281724ms] [LOG] [Fast Refresh] done in 244926ms @ http://localhost:3000/_next/static/chunks/node_modules_next_dist_1e8vcs8._.js:782
[  281786ms] [LOG] [Fast Refresh] done in 244926ms @ http://localhost:3000/_next/static/chunks/node_modules_next_dist_1e8vcs8._.js:782
[  281849ms] [LOG] [Fast Refresh] done in 244926ms @ http://localhost:3000/_next/static/chunks/node_modules_next_dist_1e8vcs8._.js:782
[  281912ms] [LOG] [Fast Refresh] done in 244926ms @ http://localhost:3000/_next/static/chunks/node_modules_next_dist_1e8vcs8._.js:782
[  281975ms] [LOG] [Fast Refresh] done in 244926ms @ http://localhost:3000/_next/static/chunks/node_modules_next_dist_1e8vcs8._.js:782
[  282038ms] [LOG] [Fast Refresh] done in 244926ms @ http://localhost:3000/_next/static/chunks/node_modules_next_dist_1e8vcs8._.js:782
[  282100ms] [LOG] [Fast Refresh] done in 244926ms @ http://localhost:3000/_next/static/chunks/node_modules_next_dist_1e8vcs8._.js:782
[  282161ms] [LOG] [Fast Refresh] done in 244926ms @ http://localhost:3000/_next/static/chunks/node_modules_next_dist_1e8vcs8._.js:782
[  282223ms] [LOG] [Fast Refresh] done in 244926ms @ http://localhost:3000/_next/static/chunks/node_modules_next_dist_1e8vcs8._.js:782
[  282285ms] [LOG] [Fast Refresh] done in 244926ms @ http://localhost:3000/_next/static/chunks/node_modules_next_dist_1e8vcs8._.js:782
[  282348ms] [LOG] [Fast Refresh] done in 244926ms @ http://localhost:3000/_next/static/chunks/node_modules_next_dist_1e8vcs8._.js:782
[  282411ms] [LOG] [Fast Refresh] done in 244926ms @ http://localhost:3000/_next/static/chunks/node_modules_next_dist_1e8vcs8._.js:782
[  282475ms] [LOG] [Fast Refresh] done in 244926ms @ http://localhost:3000/_next/static/chunks/node_modules_next_dist_1e8vcs8._.js:782
[  282537ms] [LOG] [Fast Refresh] done in 244926ms @ http://localhost:3000/_next/static/chunks/node_modules_next_dist_1e8vcs8._.js:782
[  282599ms] [LOG] [Fast Refresh] done in 244926ms @ http://localhost:3000/_next/static/chunks/node_modules_next_dist_1e8vcs8._.js:782
[  282646ms] [LOG] [Fast Refresh] done in 244926ms @ http://localhost:3000/_next/static/chunks/node_modules_next_dist_1e8vcs8._.js:782
[  282708ms] [LOG] [Fast Refresh] done in 244926ms @ http://localhost:3000/_next/static/chunks/node_modules_next_dist_1e8vcs8._.js:782
[  282770ms] [LOG] [Fast Refresh] done in 244926ms @ http://localhost:3000/_next/static/chunks/node_modules_next_dist_1e8vcs8._.js:782
[  282831ms] [LOG] [Fast Refresh] done in 244926ms @ http://localhost:3000/_next/static/chunks/node_modules_next_dist_1e8vcs8._.js:782
[  282894ms] [LOG] [Fast Refresh] done in 244926ms @ http://localhost:3000/_next/static/chunks/node_modules_next_dist_1e8vcs8._.js:782
[  282957ms] [LOG] [Fast Refresh] done in 244926ms @ http://localhost:3000/_next/static/chunks/node_modules_next_dist_1e8vcs8._.js:782
[  283019ms] [LOG] [Fast Refresh] done in 244926ms @ http://localhost:3000/_next/static/chunks/node_modules_next_dist_1e8vcs8._.js:782
[  283066ms] [LOG] [Fast Refresh] done in 244926ms @ http://localhost:3000/_next/static/chunks/node_modules_next_dist_1e8vcs8._.js:782
[  283129ms] [LOG] [Fast Refresh] done in 244926ms @ http://localhost:3000/_next/static/chunks/node_modules_next_dist_1e8vcs8._.js:782
[  283190ms] [LOG] [Fast Refresh] done in 244926ms @ http://localhost:3000/_next/static/chunks/node_modules_next_dist_1e8vcs8._.js:782
[  283239ms] [LOG] [Fast Refresh] done in 244926ms @ http://localhost:3000/_next/static/chunks/node_modules_next_dist_1e8vcs8._.js:782
[  283302ms] [LOG] [Fast Refresh] done in 244926ms @ http://localhost:3000/_next/static/chunks/node_modules_next_dist_1e8vcs8._.js:782
[  283364ms] [LOG] [Fast Refresh] done in 244926ms @ http://localhost:3000/_next/static/chunks/node_modules_next_dist_1e8vcs8._.js:782
[  283426ms] [LOG] [Fast Refresh] done in 244926ms @ http://localhost:3000/_next/static/chunks/node_modules_next_dist_1e8vcs8._.js:782
[  283487ms] [LOG] [Fast Refresh] done in 244926ms @ http://localhost:3000/_next/static/chunks/node_modules_next_dist_1e8vcs8._.js:782
[  283550ms] [LOG] [Fast Refresh] done in 244926ms @ http://localhost:3000/_next/static/chunks/node_modules_next_dist_1e8vcs8._.js:782
[  283612ms] [LOG] [Fast Refresh] done in 244926ms @ http://localhost:3000/_next/static/chunks/node_modules_next_dist_1e8vcs8._.js:782
[  283674ms] [LOG] [Fast Refresh] done in 244926ms @ http://localhost:3000/_next/static/chunks/node_modules_next_dist_1e8vcs8._.js:782
[  283721ms] [LOG] [Fast Refresh] done in 244926ms @ http://localhost:3000/_next/static/chunks/node_modules_next_dist_1e8vcs8._.js:782
[  283784ms] [LOG] [Fast Refresh] done in 244926ms @ http://localhost:3000/_next/static/chunks/node_modules_next_dist_1e8vcs8._.js:782
[  283846ms] [LOG] [Fast Refresh] done in 244926ms @ http://localhost:3000/_next/static/chunks/node_modules_next_dist_1e8vcs8._.js:782
[  283909ms] [LOG] [Fast Refresh] done in 244926ms @ http://localhost:3000/_next/static/chunks/node_modules_next_dist_1e8vcs8._.js:782
[  283971ms] [LOG] [Fast Refresh] done in 244926ms @ http://localhost:3000/_next/static/chunks/node_modules_next_dist_1e8vcs8._.js:782
[  284033ms] [LOG] [Fast Refresh] done in 244926ms @ http://localhost:3000/_next/static/chunks/node_modules_next_dist_1e8vcs8._.js:782
[  284080ms] [LOG] [Fast Refresh] done in 244926ms @ http://localhost:3000/_next/static/chunks/node_modules_next_dist_1e8vcs8._.js:782
[  284128ms] [LOG] [Fast Refresh] done in 244926ms @ http://localhost:3000/_next/static/chunks/node_modules_next_dist_1e8vcs8._.js:782
[  284175ms] [LOG] [Fast Refresh] done in 244926ms @ http://localhost:3000/_next/static/chunks/node_modules_next_dist_1e8vcs8._.js:782
[  284237ms] [LOG] [Fast Refresh] done in 244926ms @ http://localhost:3000/_next/static/chunks/node_modules_next_dist_1e8vcs8._.js:782
[  284301ms] [LOG] [Fast Refresh] done in 244926ms @ http://localhost:3000/_next/static/chunks/node_modules_next_dist_1e8vcs8._.js:782
[  284363ms] [LOG] [Fast Refresh] done in 244926ms @ http://localhost:3000/_next/static/chunks/node_modules_next_dist_1e8vcs8._.js:782
[  284411ms] [LOG] [Fast Refresh] done in 244926ms @ http://localhost:3000/_next/static/chunks/node_modules_next_dist_1e8vcs8._.js:782
[  284459ms] [LOG] [Fast Refresh] done in 244926ms @ http://localhost:3000/_next/static/chunks/node_modules_next_dist_1e8vcs8._.js:782
[  284522ms] [LOG] [Fast Refresh] done in 244926ms @ http://localhost:3000/_next/static/chunks/node_modules_next_dist_1e8vcs8._.js:782
[  284585ms] [LOG] [Fast Refresh] done in 244926ms @ http://localhost:3000/_next/static/chunks/node_modules_next_dist_1e8vcs8._.js:782
[  284631ms] [LOG] [Fast Refresh] done in 244926ms @ http://localhost:3000/_next/static/chunks/node_modules_next_dist_1e8vcs8._.js:782
[  284694ms] [LOG] [Fast Refresh] done in 244926ms @ http://localhost:3000/_next/static/chunks/node_modules_next_dist_1e8vcs8._.js:782
[  284755ms] [LOG] [Fast Refresh] done in 244926ms @ http://localhost:3000/_next/static/chunks/node_modules_next_dist_1e8vcs8._.js:782
[  284818ms] [LOG] [Fast Refresh] done in 244926ms @ http://localhost:3000/_next/static/chunks/node_modules_next_dist_1e8vcs8._.js:782
[  284881ms] [LOG] [Fast Refresh] done in 244926ms @ http://localhost:3000/_next/static/chunks/node_modules_next_dist_1e8vcs8._.js:782
[  284943ms] [LOG] [Fast Refresh] done in 244926ms @ http://localhost:3000/_next/static/chunks/node_modules_next_dist_1e8vcs8._.js:782
[  285006ms] [LOG] [Fast Refresh] done in 244926ms @ http://localhost:3000/_next/static/chunks/node_modules_next_dist_1e8vcs8._.js:782
[  285068ms] [LOG] [Fast Refresh] done in 244926ms @ http://localhost:3000/_next/static/chunks/node_modules_next_dist_1e8vcs8._.js:782
[  285130ms] [LOG] [Fast Refresh] done in 244926ms @ http://localhost:3000/_next/static/chunks/node_modules_next_dist_1e8vcs8._.js:782
[  285192ms] [LOG] [Fast Refresh] done in 244926ms @ http://localhost:3000/_next/static/chunks/node_modules_next_dist_1e8vcs8._.js:782
[  285254ms] [LOG] [Fast Refresh] done in 244926ms @ http://localhost:3000/_next/static/chunks/node_modules_next_dist_1e8vcs8._.js:782
[  285316ms] [LOG] [Fast Refresh] done in 244926ms @ http://localhost:3000/_next/static/chunks/node_modules_next_dist_1e8vcs8._.js:782
[  285380ms] [LOG] [Fast Refresh] done in 244926ms @ http://localhost:3000/_next/static/chunks/node_modules_next_dist_1e8vcs8._.js:782
[  285443ms] [LOG] [Fast Refresh] done in 244926ms @ http://localhost:3000/_next/static/chunks/node_modules_next_dist_1e8vcs8._.js:782
[  285504ms] [LOG] [Fast Refresh] done in 244926ms @ http://localhost:3000/_next/static/chunks/node_modules_next_dist_1e8vcs8._.js:782
[  285552ms] [LOG] [Fast Refresh] done in 244926ms @ http://localhost:3000/_next/static/chunks/node_modules_next_dist_1e8vcs8._.js:782
[  285615ms] [LOG] [Fast Refresh] done in 244926ms @ http://localhost:3000/_next/static/chunks/node_modules_next_dist_1e8vcs8._.js:782
[  285677ms] [LOG] [Fast Refresh] done in 244926ms @ http://localhost:3000/_next/static/chunks/node_modules_next_dist_1e8vcs8._.js:782
[  285739ms] [LOG] [Fast Refresh] done in 244926ms @ http://localhost:3000/_next/static/chunks/node_modules_next_dist_1e8vcs8._.js:782
[  285801ms] [LOG] [Fast Refresh] done in 244926ms @ http://localhost:3000/_next/static/chunks/node_modules_next_dist_1e8vcs8._.js:782
[  285863ms] [LOG] [Fast Refresh] done in 244926ms @ http://localhost:3000/_next/static/chunks/node_modules_next_dist_1e8vcs8._.js:782
[  285911ms] [LOG] [Fast Refresh] done in 244926ms @ http://localhost:3000/_next/static/chunks/node_modules_next_dist_1e8vcs8._.js:782
[  285974ms] [LOG] [Fast Refresh] done in 244926ms @ http://localhost:3000/_next/static/chunks/node_modules_next_dist_1e8vcs8._.js:782
[  286036ms] [LOG] [Fast Refresh] done in 244926ms @ http://localhost:3000/_next/static/chunks/node_modules_next_dist_1e8vcs8._.js:782
[  286098ms] [LOG] [Fast Refresh] done in 244926ms @ http://localhost:3000/_next/static/chunks/node_modules_next_dist_1e8vcs8._.js:782
[  286160ms] [LOG] [Fast Refresh] done in 244926ms @ http://localhost:3000/_next/static/chunks/node_modules_next_dist_1e8vcs8._.js:782
[  286223ms] [LOG] [Fast Refresh] done in 244926ms @ http://localhost:3000/_next/static/chunks/node_modules_next_dist_1e8vcs8._.js:782
[  286284ms] [LOG] [Fast Refresh] done in 244926ms @ http://localhost:3000/_next/static/chunks/node_modules_next_dist_1e8vcs8._.js:782
[  286346ms] [LOG] [Fast Refresh] done in 244926ms @ http://localhost:3000/_next/static/chunks/node_modules_next_dist_1e8vcs8._.js:782
[  286408ms] [LOG] [Fast Refresh] done in 244926ms @ http://localhost:3000/_next/static/chunks/node_modules_next_dist_1e8vcs8._.js:782
[  286469ms] [LOG] [Fast Refresh] done in 244926ms @ http://localhost:3000/_next/static/chunks/node_modules_next_dist_1e8vcs8._.js:782
[  286531ms] [LOG] [Fast Refresh] done in 244926ms @ http://localhost:3000/_next/static/chunks/node_modules_next_dist_1e8vcs8._.js:782
[  286594ms] [LOG] [Fast Refresh] done in 244926ms @ http://localhost:3000/_next/static/chunks/node_modules_next_dist_1e8vcs8._.js:782
[  286641ms] [LOG] [Fast Refresh] done in 244926ms @ http://localhost:3000/_next/static/chunks/node_modules_next_dist_1e8vcs8._.js:782
[  286703ms] [LOG] [Fast Refresh] done in 244926ms @ http://localhost:3000/_next/static/chunks/node_modules_next_dist_1e8vcs8._.js:782
[  286765ms] [LOG] [Fast Refresh] done in 244926ms @ http://localhost:3000/_next/static/chunks/node_modules_next_dist_1e8vcs8._.js:782
[  286827ms] [LOG] [Fast Refresh] done in 244926ms @ http://localhost:3000/_next/static/chunks/node_modules_next_dist_1e8vcs8._.js:782
[  286889ms] [LOG] [Fast Refresh] done in 244926ms @ http://localhost:3000/_next/static/chunks/node_modules_next_dist_1e8vcs8._.js:782
[  286950ms] [LOG] [Fast Refresh] done in 244926ms @ http://localhost:3000/_next/static/chunks/node_modules_next_dist_1e8vcs8._.js:782
[  286998ms] [LOG] [Fast Refresh] done in 244926ms @ http://localhost:3000/_next/static/chunks/node_modules_next_dist_1e8vcs8._.js:782
[  287061ms] [LOG] [Fast Refresh] done in 244926ms @ http://localhost:3000/_next/static/chunks/node_modules_next_dist_1e8vcs8._.js:782
[  287124ms] [LOG] [Fast Refresh] done in 244926ms @ http://localhost:3000/_next/static/chunks/node_modules_next_dist_1e8vcs8._.js:782
[  287171ms] [LOG] [Fast Refresh] done in 244926ms @ http://localhost:3000/_next/static/chunks/node_modules_next_dist_1e8vcs8._.js:782
[  287219ms] [LOG] [Fast Refresh] done in 244926ms @ http://localhost:3000/_next/static/chunks/node_modules_next_dist_1e8vcs8._.js:782
[  287265ms] [LOG] [Fast Refresh] done in 244926ms @ http://localhost:3000/_next/static/chunks/node_modules_next_dist_1e8vcs8._.js:782
[  287312ms] [LOG] [Fast Refresh] done in 244926ms @ http://localhost:3000/_next/static/chunks/node_modules_next_dist_1e8vcs8._.js:782
[  287375ms] [LOG] [Fast Refresh] done in 244926ms @ http://localhost:3000/_next/static/chunks/node_modules_next_dist_1e8vcs8._.js:782
[  287422ms] [LOG] [Fast Refresh] done in 244926ms @ http://localhost:3000/_next/static/chunks/node_modules_next_dist_1e8vcs8._.js:782
[  287485ms] [LOG] [Fast Refresh] done in 244926ms @ http://localhost:3000/_next/static/chunks/node_modules_next_dist_1e8vcs8._.js:782
[  287546ms] [LOG] [Fast Refresh] done in 244926ms @ http://localhost:3000/_next/static/chunks/node_modules_next_dist_1e8vcs8._.js:782
[  287594ms] [LOG] [Fast Refresh] done in 244926ms @ http://localhost:3000/_next/static/chunks/node_modules_next_dist_1e8vcs8._.js:782
[  287657ms] [LOG] [Fast Refresh] done in 244926ms @ http://localhost:3000/_next/static/chunks/node_modules_next_dist_1e8vcs8._.js:782
[  287720ms] [LOG] [Fast Refresh] done in 244926ms @ http://localhost:3000/_next/static/chunks/node_modules_next_dist_1e8vcs8._.js:782
[  287767ms] [LOG] [Fast Refresh] done in 244926ms @ http://localhost:3000/_next/static/chunks/node_modules_next_dist_1e8vcs8._.js:782
[  287830ms] [LOG] [Fast Refresh] done in 244926ms @ http://localhost:3000/_next/static/chunks/node_modules_next_dist_1e8vcs8._.js:782
[  287891ms] [LOG] [Fast Refresh] done in 244926ms @ http://localhost:3000/_next/static/chunks/node_modules_next_dist_1e8vcs8._.js:782
[  287954ms] [LOG] [Fast Refresh] done in 244926ms @ http://localhost:3000/_next/static/chunks/node_modules_next_dist_1e8vcs8._.js:782
[  288016ms] [LOG] [Fast Refresh] done in 244926ms @ http://localhost:3000/_next/static/chunks/node_modules_next_dist_1e8vcs8._.js:782
[  288079ms] [LOG] [Fast Refresh] done in 244926ms @ http://localhost:3000/_next/static/chunks/node_modules_next_dist_1e8vcs8._.js:782
[  288128ms] [LOG] [Fast Refresh] done in 244926ms @ http://localhost:3000/_next/static/chunks/node_modules_next_dist_1e8vcs8._.js:782
[  288190ms] [LOG] [Fast Refresh] done in 244926ms @ http://localhost:3000/_next/static/chunks/node_modules_next_dist_1e8vcs8._.js:782
[  288253ms] [LOG] [Fast Refresh] done in 244926ms @ http://localhost:3000/_next/static/chunks/node_modules_next_dist_1e8vcs8._.js:782
[  288301ms] [LOG] [Fast Refresh] done in 244926ms @ http://localhost:3000/_next/static/chunks/node_modules_next_dist_1e8vcs8._.js:782
[  288365ms] [LOG] [Fast Refresh] done in 244926ms @ http://localhost:3000/_next/static/chunks/node_modules_next_dist_1e8vcs8._.js:782
[  288427ms] [LOG] [Fast Refresh] done in 244926ms @ http://localhost:3000/_next/static/chunks/node_modules_next_dist_1e8vcs8._.js:782
[  288489ms] [LOG] [Fast Refresh] done in 244926ms @ http://localhost:3000/_next/static/chunks/node_modules_next_dist_1e8vcs8._.js:782
[  288551ms] [LOG] [Fast Refresh] done in 244926ms @ http://localhost:3000/_next/static/chunks/node_modules_next_dist_1e8vcs8._.js:782
[  288614ms] [LOG] [Fast Refresh] done in 244926ms @ http://localhost:3000/_next/static/chunks/node_modules_next_dist_1e8vcs8._.js:782
[  288676ms] [LOG] [Fast Refresh] done in 244926ms @ http://localhost:3000/_next/static/chunks/node_modules_next_dist_1e8vcs8._.js:782
[  288738ms] [LOG] [Fast Refresh] done in 244926ms @ http://localhost:3000/_next/static/chunks/node_modules_next_dist_1e8vcs8._.js:782
[  288801ms] [LOG] [Fast Refresh] done in 244926ms @ http://localhost:3000/_next/static/chunks/node_modules_next_dist_1e8vcs8._.js:782
[  288864ms] [LOG] [Fast Refresh] done in 244926ms @ http://localhost:3000/_next/static/chunks/node_modules_next_dist_1e8vcs8._.js:782
[  288927ms] [LOG] [Fast Refresh] done in 244926ms @ http://localhost:3000/_next/static/chunks/node_modules_next_dist_1e8vcs8._.js:782
[  288991ms] [LOG] [Fast Refresh] done in 244926ms @ http://localhost:3000/_next/static/chunks/node_modules_next_dist_1e8vcs8._.js:782
[  289054ms] [LOG] [Fast Refresh] done in 244926ms @ http://localhost:3000/_next/static/chunks/node_modules_next_dist_1e8vcs8._.js:782
[  289115ms] [LOG] [Fast Refresh] done in 244926ms @ http://localhost:3000/_next/static/chunks/node_modules_next_dist_1e8vcs8._.js:782
[  289177ms] [LOG] [Fast Refresh] done in 244926ms @ http://localhost:3000/_next/static/chunks/node_modules_next_dist_1e8vcs8._.js:782
[  289239ms] [LOG] [Fast Refresh] done in 244926ms @ http://localhost:3000/_next/static/chunks/node_modules_next_dist_1e8vcs8._.js:782
[  289286ms] [LOG] [Fast Refresh] done in 244926ms @ http://localhost:3000/_next/static/chunks/node_modules_next_dist_1e8vcs8._.js:782
[  289348ms] [LOG] [Fast Refresh] done in 244926ms @ http://localhost:3000/_next/static/chunks/node_modules_next_dist_1e8vcs8._.js:782
[  289395ms] [LOG] [Fast Refresh] done in 244926ms @ http://localhost:3000/_next/static/chunks/node_modules_next_dist_1e8vcs8._.js:782
[  289457ms] [LOG] [Fast Refresh] done in 244926ms @ http://localhost:3000/_next/static/chunks/node_modules_next_dist_1e8vcs8._.js:782
[  289519ms] [LOG] [Fast Refresh] done in 244926ms @ http://localhost:3000/_next/static/chunks/node_modules_next_dist_1e8vcs8._.js:782
[  289580ms] [LOG] [Fast Refresh] done in 244926ms @ http://localhost:3000/_next/static/chunks/node_modules_next_dist_1e8vcs8._.js:782
[  289644ms] [LOG] [Fast Refresh] done in 244926ms @ http://localhost:3000/_next/static/chunks/node_modules_next_dist_1e8vcs8._.js:782
[  289692ms] [LOG] [Fast Refresh] done in 244926ms @ http://localhost:3000/_next/static/chunks/node_modules_next_dist_1e8vcs8._.js:782
[  289753ms] [LOG] [Fast Refresh] done in 244926ms @ http://localhost:3000/_next/static/chunks/node_modules_next_dist_1e8vcs8._.js:782
[  289816ms] [LOG] [Fast Refresh] done in 244926ms @ http://localhost:3000/_next/static/chunks/node_modules_next_dist_1e8vcs8._.js:782
[  289878ms] [LOG] [Fast Refresh] done in 244926ms @ http://localhost:3000/_next/static/chunks/node_modules_next_dist_1e8vcs8._.js:782
[  289925ms] [LOG] [Fast Refresh] done in 244926ms @ http://localhost:3000/_next/static/chunks/node_modules_next_dist_1e8vcs8._.js:782
[  289988ms] [LOG] [Fast Refresh] done in 244926ms @ http://localhost:3000/_next/static/chunks/node_modules_next_dist_1e8vcs8._.js:782
[  290036ms] [LOG] [Fast Refresh] done in 244926ms @ http://localhost:3000/_next/static/chunks/node_modules_next_dist_1e8vcs8._.js:782
[  290083ms] [LOG] [Fast Refresh] done in 244926ms @ http://localhost:3000/_next/static/chunks/node_modules_next_dist_1e8vcs8._.js:782
[  290146ms] [LOG] [Fast Refresh] done in 244926ms @ http://localhost:3000/_next/static/chunks/node_modules_next_dist_1e8vcs8._.js:782
[  290194ms] [LOG] [Fast Refresh] done in 244926ms @ http://localhost:3000/_next/static/chunks/node_modules_next_dist_1e8vcs8._.js:782
[  290242ms] [LOG] [Fast Refresh] done in 244926ms @ http://localhost:3000/_next/static/chunks/node_modules_next_dist_1e8vcs8._.js:782
[  290305ms] [LOG] [Fast Refresh] done in 244926ms @ http://localhost:3000/_next/static/chunks/node_modules_next_dist_1e8vcs8._.js:782
[  290367ms] [LOG] [Fast Refresh] done in 244926ms @ http://localhost:3000/_next/static/chunks/node_modules_next_dist_1e8vcs8._.js:782
[  290414ms] [LOG] [Fast Refresh] done in 244926ms @ http://localhost:3000/_next/static/chunks/node_modules_next_dist_1e8vcs8._.js:782
[  290476ms] [LOG] [Fast Refresh] done in 244926ms @ http://localhost:3000/_next/static/chunks/node_modules_next_dist_1e8vcs8._.js:782
[  290538ms] [LOG] [Fast Refresh] done in 244926ms @ http://localhost:3000/_next/static/chunks/node_modules_next_dist_1e8vcs8._.js:782
[  290599ms] [LOG] [Fast Refresh] done in 244926ms @ http://localhost:3000/_next/static/chunks/node_modules_next_dist_1e8vcs8._.js:782
[  290662ms] [LOG] [Fast Refresh] done in 244926ms @ http://localhost:3000/_next/static/chunks/node_modules_next_dist_1e8vcs8._.js:782
[  290724ms] [LOG] [Fast Refresh] done in 244926ms @ http://localhost:3000/_next/static/chunks/node_modules_next_dist_1e8vcs8._.js:782
[  290772ms] [LOG] [Fast Refresh] done in 244926ms @ http://localhost:3000/_next/static/chunks/node_modules_next_dist_1e8vcs8._.js:782
[  290835ms] [LOG] [Fast Refresh] done in 244926ms @ http://localhost:3000/_next/static/chunks/node_modules_next_dist_1e8vcs8._.js:782
[  290883ms] [LOG] [Fast Refresh] done in 244926ms @ http://localhost:3000/_next/static/chunks/node_modules_next_dist_1e8vcs8._.js:782
[  290945ms] [LOG] [Fast Refresh] done in 244926ms @ http://localhost:3000/_next/static/chunks/node_modules_next_dist_1e8vcs8._.js:782
[  291007ms] [LOG] [Fast Refresh] done in 244926ms @ http://localhost:3000/_next/static/chunks/node_modules_next_dist_1e8vcs8._.js:782
[  291069ms] [LOG] [Fast Refresh] done in 244926ms @ http://localhost:3000/_next/static/chunks/node_modules_next_dist_1e8vcs8._.js:782
[  291132ms] [LOG] [Fast Refresh] done in 244926ms @ http://localhost:3000/_next/static/chunks/node_modules_next_dist_1e8vcs8._.js:782
[  291179ms] [LOG] [Fast Refresh] done in 244926ms @ http://localhost:3000/_next/static/chunks/node_modules_next_dist_1e8vcs8._.js:782
[  291240ms] [LOG] [Fast Refresh] done in 244926ms @ http://localhost:3000/_next/static/chunks/node_modules_next_dist_1e8vcs8._.js:782
[  291302ms] [LOG] [Fast Refresh] done in 244926ms @ http://localhost:3000/_next/static/chunks/node_modules_next_dist_1e8vcs8._.js:782
[  291351ms] [LOG] [Fast Refresh] done in 244926ms @ http://localhost:3000/_next/static/chunks/node_modules_next_dist_1e8vcs8._.js:782
[  291413ms] [LOG] [Fast Refresh] done in 244926ms @ http://localhost:3000/_next/static/chunks/node_modules_next_dist_1e8vcs8._.js:782
[  291475ms] [LOG] [Fast Refresh] done in 244926ms @ http://localhost:3000/_next/static/chunks/node_modules_next_dist_1e8vcs8._.js:782
[  291522ms] [LOG] [Fast Refresh] done in 244926ms @ http://localhost:3000/_next/static/chunks/node_modules_next_dist_1e8vcs8._.js:782
[  291585ms] [LOG] [Fast Refresh] done in 244926ms @ http://localhost:3000/_next/static/chunks/node_modules_next_dist_1e8vcs8._.js:782
[  291647ms] [LOG] [Fast Refresh] done in 244926ms @ http://localhost:3000/_next/static/chunks/node_modules_next_dist_1e8vcs8._.js:782
[  291710ms] [LOG] [Fast Refresh] done in 244926ms @ http://localhost:3000/_next/static/chunks/node_modules_next_dist_1e8vcs8._.js:782
[  291772ms] [LOG] [Fast Refresh] done in 244926ms @ http://localhost:3000/_next/static/chunks/node_modules_next_dist_1e8vcs8._.js:782
[  291834ms] [LOG] [Fast Refresh] done in 244926ms @ http://localhost:3000/_next/static/chunks/node_modules_next_dist_1e8vcs8._.js:782
[  291881ms] [LOG] [Fast Refresh] done in 244926ms @ http://localhost:3000/_next/static/chunks/node_modules_next_dist_1e8vcs8._.js:782
[  291943ms] [LOG] [Fast Refresh] done in 244926ms @ http://localhost:3000/_next/static/chunks/node_modules_next_dist_1e8vcs8._.js:782
[  292006ms] [LOG] [Fast Refresh] done in 244926ms @ http://localhost:3000/_next/static/chunks/node_modules_next_dist_1e8vcs8._.js:782
[  292069ms] [LOG] [Fast Refresh] done in 244926ms @ http://localhost:3000/_next/static/chunks/node_modules_next_dist_1e8vcs8._.js:782
[  292132ms] [LOG] [Fast Refresh] done in 244926ms @ http://localhost:3000/_next/static/chunks/node_modules_next_dist_1e8vcs8._.js:782
[  292194ms] [LOG] [Fast Refresh] done in 244926ms @ http://localhost:3000/_next/static/chunks/node_modules_next_dist_1e8vcs8._.js:782
[  292256ms] [LOG] [Fast Refresh] done in 244926ms @ http://localhost:3000/_next/static/chunks/node_modules_next_dist_1e8vcs8._.js:782
[  292318ms] [LOG] [Fast Refresh] done in 244926ms @ http://localhost:3000/_next/static/chunks/node_modules_next_dist_1e8vcs8._.js:782
[  292380ms] [LOG] [Fast Refresh] done in 244926ms @ http://localhost:3000/_next/static/chunks/node_modules_next_dist_1e8vcs8._.js:782
[  292427ms] [LOG] [Fast Refresh] done in 244926ms @ http://localhost:3000/_next/static/chunks/node_modules_next_dist_1e8vcs8._.js:782
[  292489ms] [LOG] [Fast Refresh] done in 244926ms @ http://localhost:3000/_next/static/chunks/node_modules_next_dist_1e8vcs8._.js:782
[  292550ms] [LOG] [Fast Refresh] done in 244926ms @ http://localhost:3000/_next/static/chunks/node_modules_next_dist_1e8vcs8._.js:782
[  292597ms] [LOG] [Fast Refresh] done in 244926ms @ http://localhost:3000/_next/static/chunks/node_modules_next_dist_1e8vcs8._.js:782
[  292660ms] [LOG] [Fast Refresh] done in 244926ms @ http://localhost:3000/_next/static/chunks/node_modules_next_dist_1e8vcs8._.js:782
[  292722ms] [LOG] [Fast Refresh] done in 244926ms @ http://localhost:3000/_next/static/chunks/node_modules_next_dist_1e8vcs8._.js:782
[  292791ms] [LOG] [Fast Refresh] done in 244926ms @ http://localhost:3000/_next/static/chunks/node_modules_next_dist_1e8vcs8._.js:782
[  292831ms] [LOG] [Fast Refresh] done in 244926ms @ http://localhost:3000/_next/static/chunks/node_modules_next_dist_1e8vcs8._.js:782
[  292894ms] [LOG] [Fast Refresh] done in 244926ms @ http://localhost:3000/_next/static/chunks/node_modules_next_dist_1e8vcs8._.js:782
[  292956ms] [LOG] [Fast Refresh] done in 244926ms @ http://localhost:3000/_next/static/chunks/node_modules_next_dist_1e8vcs8._.js:782
[  293017ms] [LOG] [Fast Refresh] done in 244926ms @ http://localhost:3000/_next/static/chunks/node_modules_next_dist_1e8vcs8._.js:782
[  293080ms] [LOG] [Fast Refresh] done in 244926ms @ http://localhost:3000/_next/static/chunks/node_modules_next_dist_1e8vcs8._.js:782
[  293142ms] [LOG] [Fast Refresh] done in 244926ms @ http://localhost:3000/_next/static/chunks/node_modules_next_dist_1e8vcs8._.js:782
[  293205ms] [LOG] [Fast Refresh] done in 244926ms @ http://localhost:3000/_next/static/chunks/node_modules_next_dist_1e8vcs8._.js:782
[  293267ms] [LOG] [Fast Refresh] done in 244926ms @ http://localhost:3000/_next/static/chunks/node_modules_next_dist_1e8vcs8._.js:782
[  293328ms] [LOG] [Fast Refresh] done in 244926ms @ http://localhost:3000/_next/static/chunks/node_modules_next_dist_1e8vcs8._.js:782
[  293375ms] [LOG] [Fast Refresh] done in 244926ms @ http://localhost:3000/_next/static/chunks/node_modules_next_dist_1e8vcs8._.js:782
[  293422ms] [LOG] [Fast Refresh] done in 244926ms @ http://localhost:3000/_next/static/chunks/node_modules_next_dist_1e8vcs8._.js:782
[  293484ms] [LOG] [Fast Refresh] done in 244926ms @ http://localhost:3000/_next/static/chunks/node_modules_next_dist_1e8vcs8._.js:782
[  293546ms] [LOG] [Fast Refresh] done in 244926ms @ http://localhost:3000/_next/static/chunks/node_modules_next_dist_1e8vcs8._.js:782
[  293608ms] [LOG] [Fast Refresh] done in 244926ms @ http://localhost:3000/_next/static/chunks/node_modules_next_dist_1e8vcs8._.js:782
[  293671ms] [LOG] [Fast Refresh] done in 244926ms @ http://localhost:3000/_next/static/chunks/node_modules_next_dist_1e8vcs8._.js:782
[  293735ms] [LOG] [Fast Refresh] done in 244926ms @ http://localhost:3000/_next/static/chunks/node_modules_next_dist_1e8vcs8._.js:782
[  293796ms] [LOG] [Fast Refresh] done in 244926ms @ http://localhost:3000/_next/static/chunks/node_modules_next_dist_1e8vcs8._.js:782
[  293858ms] [LOG] [Fast Refresh] done in 244926ms @ http://localhost:3000/_next/static/chunks/node_modules_next_dist_1e8vcs8._.js:782
[  293920ms] [LOG] [Fast Refresh] done in 244926ms @ http://localhost:3000/_next/static/chunks/node_modules_next_dist_1e8vcs8._.js:782
[  293966ms] [LOG] [Fast Refresh] done in 244926ms @ http://localhost:3000/_next/static/chunks/node_modules_next_dist_1e8vcs8._.js:782
[  294029ms] [LOG] [Fast Refresh] done in 244926ms @ http://localhost:3000/_next/static/chunks/node_modules_next_dist_1e8vcs8._.js:782
[  294076ms] [LOG] [Fast Refresh] done in 244926ms @ http://localhost:3000/_next/static/chunks/node_modules_next_dist_1e8vcs8._.js:782
[  294124ms] [LOG] [Fast Refresh] done in 244926ms @ http://localhost:3000/_next/static/chunks/node_modules_next_dist_1e8vcs8._.js:782
[  294172ms] [LOG] [Fast Refresh] done in 244926ms @ http://localhost:3000/_next/static/chunks/node_modules_next_dist_1e8vcs8._.js:782
[  294233ms] [LOG] [Fast Refresh] done in 244926ms @ http://localhost:3000/_next/static/chunks/node_modules_next_dist_1e8vcs8._.js:782
[  294295ms] [LOG] [Fast Refresh] done in 244926ms @ http://localhost:3000/_next/static/chunks/node_modules_next_dist_1e8vcs8._.js:782
[  294357ms] [LOG] [Fast Refresh] done in 244926ms @ http://localhost:3000/_next/static/chunks/node_modules_next_dist_1e8vcs8._.js:782
[  294418ms] [LOG] [Fast Refresh] done in 244926ms @ http://localhost:3000/_next/static/chunks/node_modules_next_dist_1e8vcs8._.js:782
[  294466ms] [LOG] [Fast Refresh] done in 244926ms @ http://localhost:3000/_next/static/chunks/node_modules_next_dist_1e8vcs8._.js:782
[  294528ms] [LOG] [Fast Refresh] done in 244926ms @ http://localhost:3000/_next/static/chunks/node_modules_next_dist_1e8vcs8._.js:782
[  294590ms] [LOG] [Fast Refresh] done in 244926ms @ http://localhost:3000/_next/static/chunks/node_modules_next_dist_1e8vcs8._.js:782
[  294653ms] [LOG] [Fast Refresh] done in 244926ms @ http://localhost:3000/_next/static/chunks/node_modules_next_dist_1e8vcs8._.js:782
[  294715ms] [LOG] [Fast Refresh] done in 244926ms @ http://localhost:3000/_next/static/chunks/node_modules_next_dist_1e8vcs8._.js:782
[  294778ms] [LOG] [Fast Refresh] done in 244926ms @ http://localhost:3000/_next/static/chunks/node_modules_next_dist_1e8vcs8._.js:782
[  294825ms] [LOG] [Fast Refresh] done in 244926ms @ http://localhost:3000/_next/static/chunks/node_modules_next_dist_1e8vcs8._.js:782
[  294887ms] [LOG] [Fast Refresh] done in 244926ms @ http://localhost:3000/_next/static/chunks/node_modules_next_dist_1e8vcs8._.js:782
[  294950ms] [LOG] [Fast Refresh] done in 244926ms @ http://localhost:3000/_next/static/chunks/node_modules_next_dist_1e8vcs8._.js:782
[  294996ms] [LOG] [Fast Refresh] done in 244926ms @ http://localhost:3000/_next/static/chunks/node_modules_next_dist_1e8vcs8._.js:782
[  295058ms] [LOG] [Fast Refresh] done in 244926ms @ http://localhost:3000/_next/static/chunks/node_modules_next_dist_1e8vcs8._.js:782
[  295121ms] [LOG] [Fast Refresh] done in 244926ms @ http://localhost:3000/_next/static/chunks/node_modules_next_dist_1e8vcs8._.js:782
[  295184ms] [LOG] [Fast Refresh] done in 244926ms @ http://localhost:3000/_next/static/chunks/node_modules_next_dist_1e8vcs8._.js:782
[  295246ms] [LOG] [Fast Refresh] done in 244926ms @ http://localhost:3000/_next/static/chunks/node_modules_next_dist_1e8vcs8._.js:782
[  295308ms] [LOG] [Fast Refresh] done in 244926ms @ http://localhost:3000/_next/static/chunks/node_modules_next_dist_1e8vcs8._.js:782
[  295371ms] [LOG] [Fast Refresh] done in 244926ms @ http://localhost:3000/_next/static/chunks/node_modules_next_dist_1e8vcs8._.js:782
[  295433ms] [LOG] [Fast Refresh] done in 244926ms @ http://localhost:3000/_next/static/chunks/node_modules_next_dist_1e8vcs8._.js:782
[  295495ms] [LOG] [Fast Refresh] done in 244926ms @ http://localhost:3000/_next/static/chunks/node_modules_next_dist_1e8vcs8._.js:782
[  295557ms] [LOG] [Fast Refresh] done in 244926ms @ http://localhost:3000/_next/static/chunks/node_modules_next_dist_1e8vcs8._.js:782
[  295619ms] [LOG] [Fast Refresh] done in 244926ms @ http://localhost:3000/_next/static/chunks/node_modules_next_dist_1e8vcs8._.js:782
[  295681ms] [LOG] [Fast Refresh] done in 244926ms @ http://localhost:3000/_next/static/chunks/node_modules_next_dist_1e8vcs8._.js:782
[  295744ms] [LOG] [Fast Refresh] done in 244926ms @ http://localhost:3000/_next/static/chunks/node_modules_next_dist_1e8vcs8._.js:782
[  295806ms] [LOG] [Fast Refresh] done in 244926ms @ http://localhost:3000/_next/static/chunks/node_modules_next_dist_1e8vcs8._.js:782
[  295867ms] [LOG] [Fast Refresh] done in 244926ms @ http://localhost:3000/_next/static/chunks/node_modules_next_dist_1e8vcs8._.js:782
[  295915ms] [LOG] [Fast Refresh] done in 244926ms @ http://localhost:3000/_next/static/chunks/node_modules_next_dist_1e8vcs8._.js:782
[  295962ms] [LOG] [Fast Refresh] done in 244926ms @ http://localhost:3000/_next/static/chunks/node_modules_next_dist_1e8vcs8._.js:782
[  296025ms] [LOG] [Fast Refresh] done in 244926ms @ http://localhost:3000/_next/static/chunks/node_modules_next_dist_1e8vcs8._.js:782
[  296088ms] [LOG] [Fast Refresh] done in 244926ms @ http://localhost:3000/_next/static/chunks/node_modules_next_dist_1e8vcs8._.js:782
[  296150ms] [LOG] [Fast Refresh] done in 244926ms @ http://localhost:3000/_next/static/chunks/node_modules_next_dist_1e8vcs8._.js:782
[  296212ms] [LOG] [Fast Refresh] done in 244926ms @ http://localhost:3000/_next/static/chunks/node_modules_next_dist_1e8vcs8._.js:782
[  296274ms] [LOG] [Fast Refresh] done in 244926ms @ http://localhost:3000/_next/static/chunks/node_modules_next_dist_1e8vcs8._.js:782
[  296337ms] [LOG] [Fast Refresh] done in 244926ms @ http://localhost:3000/_next/static/chunks/node_modules_next_dist_1e8vcs8._.js:782
[  296399ms] [LOG] [Fast Refresh] done in 244926ms @ http://localhost:3000/_next/static/chunks/node_modules_next_dist_1e8vcs8._.js:782
[  296462ms] [LOG] [Fast Refresh] done in 244926ms @ http://localhost:3000/_next/static/chunks/node_modules_next_dist_1e8vcs8._.js:782
[  296525ms] [LOG] [Fast Refresh] done in 244926ms @ http://localhost:3000/_next/static/chunks/node_modules_next_dist_1e8vcs8._.js:782
[  296587ms] [LOG] [Fast Refresh] done in 244926ms @ http://localhost:3000/_next/static/chunks/node_modules_next_dist_1e8vcs8._.js:782
[  296650ms] [LOG] [Fast Refresh] done in 244926ms @ http://localhost:3000/_next/static/chunks/node_modules_next_dist_1e8vcs8._.js:782
[  296712ms] [LOG] [Fast Refresh] done in 244926ms @ http://localhost:3000/_next/static/chunks/node_modules_next_dist_1e8vcs8._.js:782
[  296774ms] [LOG] [Fast Refresh] done in 244926ms @ http://localhost:3000/_next/static/chunks/node_modules_next_dist_1e8vcs8._.js:782
[  296837ms] [LOG] [Fast Refresh] done in 244926ms @ http://localhost:3000/_next/static/chunks/node_modules_next_dist_1e8vcs8._.js:782
[  296900ms] [LOG] [Fast Refresh] done in 244926ms @ http://localhost:3000/_next/static/chunks/node_modules_next_dist_1e8vcs8._.js:782
[  296962ms] [LOG] [Fast Refresh] done in 244926ms @ http://localhost:3000/_next/static/chunks/node_modules_next_dist_1e8vcs8._.js:782
[  297024ms] [LOG] [Fast Refresh] done in 244926ms @ http://localhost:3000/_next/static/chunks/node_modules_next_dist_1e8vcs8._.js:782
[  297086ms] [LOG] [Fast Refresh] done in 244926ms @ http://localhost:3000/_next/static/chunks/node_modules_next_dist_1e8vcs8._.js:782
[  297147ms] [LOG] [Fast Refresh] done in 244926ms @ http://localhost:3000/_next/static/chunks/node_modules_next_dist_1e8vcs8._.js:782
[  297194ms] [LOG] [Fast Refresh] done in 244926ms @ http://localhost:3000/_next/static/chunks/node_modules_next_dist_1e8vcs8._.js:782
[  297243ms] [LOG] [Fast Refresh] done in 244926ms @ http://localhost:3000/_next/static/chunks/node_modules_next_dist_1e8vcs8._.js:782
[  297305ms] [LOG] [Fast Refresh] done in 244926ms @ http://localhost:3000/_next/static/chunks/node_modules_next_dist_1e8vcs8._.js:782
[  297368ms] [LOG] [Fast Refresh] done in 244926ms @ http://localhost:3000/_next/static/chunks/node_modules_next_dist_1e8vcs8._.js:782
[  297429ms] [LOG] [Fast Refresh] done in 244926ms @ http://localhost:3000/_next/static/chunks/node_modules_next_dist_1e8vcs8._.js:782
[  297491ms] [LOG] [Fast Refresh] done in 244926ms @ http://localhost:3000/_next/static/chunks/node_modules_next_dist_1e8vcs8._.js:782
[  297555ms] [LOG] [Fast Refresh] done in 244926ms @ http://localhost:3000/_next/static/chunks/node_modules_next_dist_1e8vcs8._.js:782
[  297617ms] [LOG] [Fast Refresh] done in 244926ms @ http://localhost:3000/_next/static/chunks/node_modules_next_dist_1e8vcs8._.js:782
[  297680ms] [LOG] [Fast Refresh] done in 244926ms @ http://localhost:3000/_next/static/chunks/node_modules_next_dist_1e8vcs8._.js:782
[  297742ms] [LOG] [Fast Refresh] done in 244926ms @ http://localhost:3000/_next/static/chunks/node_modules_next_dist_1e8vcs8._.js:782
[  297804ms] [LOG] [Fast Refresh] done in 244926ms @ http://localhost:3000/_next/static/chunks/node_modules_next_dist_1e8vcs8._.js:782
[  297866ms] [LOG] [Fast Refresh] done in 244926ms @ http://localhost:3000/_next/static/chunks/node_modules_next_dist_1e8vcs8._.js:782
[  297928ms] [LOG] [Fast Refresh] done in 244926ms @ http://localhost:3000/_next/static/chunks/node_modules_next_dist_1e8vcs8._.js:782
[  297991ms] [LOG] [Fast Refresh] done in 244926ms @ http://localhost:3000/_next/static/chunks/node_modules_next_dist_1e8vcs8._.js:782
[  298053ms] [LOG] [Fast Refresh] done in 244926ms @ http://localhost:3000/_next/static/chunks/node_modules_next_dist_1e8vcs8._.js:782
[  298114ms] [LOG] [Fast Refresh] done in 244926ms @ http://localhost:3000/_next/static/chunks/node_modules_next_dist_1e8vcs8._.js:782
[  298177ms] [LOG] [Fast Refresh] done in 244926ms @ http://localhost:3000/_next/static/chunks/node_modules_next_dist_1e8vcs8._.js:782
[  298225ms] [LOG] [Fast Refresh] done in 244926ms @ http://localhost:3000/_next/static/chunks/node_modules_next_dist_1e8vcs8._.js:782
[  298274ms] [LOG] [Fast Refresh] done in 244926ms @ http://localhost:3000/_next/static/chunks/node_modules_next_dist_1e8vcs8._.js:782
[  298321ms] [LOG] [Fast Refresh] done in 244926ms @ http://localhost:3000/_next/static/chunks/node_modules_next_dist_1e8vcs8._.js:782
[  298383ms] [LOG] [Fast Refresh] done in 244926ms @ http://localhost:3000/_next/static/chunks/node_modules_next_dist_1e8vcs8._.js:782
[  298445ms] [LOG] [Fast Refresh] done in 244926ms @ http://localhost:3000/_next/static/chunks/node_modules_next_dist_1e8vcs8._.js:782
[  298506ms] [LOG] [Fast Refresh] done in 244926ms @ http://localhost:3000/_next/static/chunks/node_modules_next_dist_1e8vcs8._.js:782
[  298570ms] [LOG] [Fast Refresh] done in 244926ms @ http://localhost:3000/_next/static/chunks/node_modules_next_dist_1e8vcs8._.js:782
[  298633ms] [LOG] [Fast Refresh] done in 244926ms @ http://localhost:3000/_next/static/chunks/node_modules_next_dist_1e8vcs8._.js:782
[  298696ms] [LOG] [Fast Refresh] done in 244926ms @ http://localhost:3000/_next/static/chunks/node_modules_next_dist_1e8vcs8._.js:782
[  298759ms] [LOG] [Fast Refresh] done in 244926ms @ http://localhost:3000/_next/static/chunks/node_modules_next_dist_1e8vcs8._.js:782
[  298821ms] [LOG] [Fast Refresh] done in 244926ms @ http://localhost:3000/_next/static/chunks/node_modules_next_dist_1e8vcs8._.js:782
[  298869ms] [LOG] [Fast Refresh] done in 244926ms @ http://localhost:3000/_next/static/chunks/node_modules_next_dist_1e8vcs8._.js:782
[  298932ms] [LOG] [Fast Refresh] done in 244926ms @ http://localhost:3000/_next/static/chunks/node_modules_next_dist_1e8vcs8._.js:782
[  298980ms] [LOG] [Fast Refresh] done in 244926ms @ http://localhost:3000/_next/static/chunks/node_modules_next_dist_1e8vcs8._.js:782
[  299026ms] [LOG] [Fast Refresh] done in 244926ms @ http://localhost:3000/_next/static/chunks/node_modules_next_dist_1e8vcs8._.js:782
[  299073ms] [LOG] [Fast Refresh] done in 244926ms @ http://localhost:3000/_next/static/chunks/node_modules_next_dist_1e8vcs8._.js:782
[  299135ms] [LOG] [Fast Refresh] done in 244926ms @ http://localhost:3000/_next/static/chunks/node_modules_next_dist_1e8vcs8._.js:782
[  299183ms] [LOG] [Fast Refresh] done in 244926ms @ http://localhost:3000/_next/static/chunks/node_modules_next_dist_1e8vcs8._.js:782
[  299246ms] [LOG] [Fast Refresh] done in 244926ms @ http://localhost:3000/_next/static/chunks/node_modules_next_dist_1e8vcs8._.js:782
[  299293ms] [LOG] [Fast Refresh] done in 244926ms @ http://localhost:3000/_next/static/chunks/node_modules_next_dist_1e8vcs8._.js:782
[  299354ms] [LOG] [Fast Refresh] done in 244926ms @ http://localhost:3000/_next/static/chunks/node_modules_next_dist_1e8vcs8._.js:782
[  299416ms] [LOG] [Fast Refresh] done in 244926ms @ http://localhost:3000/_next/static/chunks/node_modules_next_dist_1e8vcs8._.js:782
[  299478ms] [LOG] [Fast Refresh] done in 244926ms @ http://localhost:3000/_next/static/chunks/node_modules_next_dist_1e8vcs8._.js:782
[  299540ms] [LOG] [Fast Refresh] done in 244926ms @ http://localhost:3000/_next/static/chunks/node_modules_next_dist_1e8vcs8._.js:782
[  299603ms] [LOG] [Fast Refresh] done in 244926ms @ http://localhost:3000/_next/static/chunks/node_modules_next_dist_1e8vcs8._.js:782
[  299650ms] [LOG] [Fast Refresh] done in 244926ms @ http://localhost:3000/_next/static/chunks/node_modules_next_dist_1e8vcs8._.js:782
[  299711ms] [LOG] [Fast Refresh] done in 244926ms @ http://localhost:3000/_next/static/chunks/node_modules_next_dist_1e8vcs8._.js:782
[  299774ms] [LOG] [Fast Refresh] done in 244926ms @ http://localhost:3000/_next/static/chunks/node_modules_next_dist_1e8vcs8._.js:782
[  299836ms] [LOG] [Fast Refresh] done in 244926ms @ http://localhost:3000/_next/static/chunks/node_modules_next_dist_1e8vcs8._.js:782
[  299883ms] [LOG] [Fast Refresh] done in 244926ms @ http://localhost:3000/_next/static/chunks/node_modules_next_dist_1e8vcs8._.js:782
[  299945ms] [LOG] [Fast Refresh] done in 244926ms @ http://localhost:3000/_next/static/chunks/node_modules_next_dist_1e8vcs8._.js:782
[  299992ms] [LOG] [Fast Refresh] done in 244926ms @ http://localhost:3000/_next/static/chunks/node_modules_next_dist_1e8vcs8._.js:782
[  300055ms] [LOG] [Fast Refresh] done in 244926ms @ http://localhost:3000/_next/static/chunks/node_modules_next_dist_1e8vcs8._.js:782
[  300116ms] [LOG] [Fast Refresh] done in 244926ms @ http://localhost:3000/_next/static/chunks/node_modules_next_dist_1e8vcs8._.js:782
[  300178ms] [LOG] [Fast Refresh] done in 244926ms @ http://localhost:3000/_next/static/chunks/node_modules_next_dist_1e8vcs8._.js:782
[  300240ms] [LOG] [Fast Refresh] done in 244926ms @ http://localhost:3000/_next/static/chunks/node_modules_next_dist_1e8vcs8._.js:782
[  300287ms] [LOG] [Fast Refresh] done in 244926ms @ http://localhost:3000/_next/static/chunks/node_modules_next_dist_1e8vcs8._.js:782
[  300349ms] [LOG] [Fast Refresh] done in 244926ms @ http://localhost:3000/_next/static/chunks/node_modules_next_dist_1e8vcs8._.js:782
[  300396ms] [LOG] [Fast Refresh] done in 244926ms @ http://localhost:3000/_next/static/chunks/node_modules_next_dist_1e8vcs8._.js:782
[  300458ms] [LOG] [Fast Refresh] done in 244926ms @ http://localhost:3000/_next/static/chunks/node_modules_next_dist_1e8vcs8._.js:782
[  300521ms] [LOG] [Fast Refresh] done in 244926ms @ http://localhost:3000/_next/static/chunks/node_modules_next_dist_1e8vcs8._.js:782
[  300569ms] [LOG] [Fast Refresh] done in 244926ms @ http://localhost:3000/_next/static/chunks/node_modules_next_dist_1e8vcs8._.js:782
[  300630ms] [LOG] [Fast Refresh] done in 244926ms @ http://localhost:3000/_next/static/chunks/node_modules_next_dist_1e8vcs8._.js:782
[  300693ms] [LOG] [Fast Refresh] done in 244926ms @ http://localhost:3000/_next/static/chunks/node_modules_next_dist_1e8vcs8._.js:782
[  300740ms] [LOG] [Fast Refresh] done in 244926ms @ http://localhost:3000/_next/static/chunks/node_modules_next_dist_1e8vcs8._.js:782
[  300801ms] [LOG] [Fast Refresh] done in 244926ms @ http://localhost:3000/_next/static/chunks/node_modules_next_dist_1e8vcs8._.js:782
[  300864ms] [LOG] [Fast Refresh] done in 244926ms @ http://localhost:3000/_next/static/chunks/node_modules_next_dist_1e8vcs8._.js:782
[  300911ms] [LOG] [Fast Refresh] done in 244926ms @ http://localhost:3000/_next/static/chunks/node_modules_next_dist_1e8vcs8._.js:782
[  300973ms] [LOG] [Fast Refresh] done in 244926ms @ http://localhost:3000/_next/static/chunks/node_modules_next_dist_1e8vcs8._.js:782
[  301020ms] [LOG] [Fast Refresh] done in 244926ms @ http://localhost:3000/_next/static/chunks/node_modules_next_dist_1e8vcs8._.js:782
[  301083ms] [LOG] [Fast Refresh] done in 244926ms @ http://localhost:3000/_next/static/chunks/node_modules_next_dist_1e8vcs8._.js:782
[  301145ms] [LOG] [Fast Refresh] done in 244926ms @ http://localhost:3000/_next/static/chunks/node_modules_next_dist_1e8vcs8._.js:782
[  301207ms] [LOG] [Fast Refresh] done in 244926ms @ http://localhost:3000/_next/static/chunks/node_modules_next_dist_1e8vcs8._.js:782
[  301255ms] [LOG] [Fast Refresh] done in 244926ms @ http://localhost:3000/_next/static/chunks/node_modules_next_dist_1e8vcs8._.js:782
[  301318ms] [LOG] [Fast Refresh] done in 244926ms @ http://localhost:3000/_next/static/chunks/node_modules_next_dist_1e8vcs8._.js:782
[  301380ms] [LOG] [Fast Refresh] done in 244926ms @ http://localhost:3000/_next/static/chunks/node_modules_next_dist_1e8vcs8._.js:782
[  301442ms] [LOG] [Fast Refresh] done in 244926ms @ http://localhost:3000/_next/static/chunks/node_modules_next_dist_1e8vcs8._.js:782
[  301504ms] [LOG] [Fast Refresh] done in 244926ms @ http://localhost:3000/_next/static/chunks/node_modules_next_dist_1e8vcs8._.js:782
[  301566ms] [LOG] [Fast Refresh] done in 244926ms @ http://localhost:3000/_next/static/chunks/node_modules_next_dist_1e8vcs8._.js:782
[  301628ms] [LOG] [Fast Refresh] done in 244926ms @ http://localhost:3000/_next/static/chunks/node_modules_next_dist_1e8vcs8._.js:782
[  301692ms] [LOG] [Fast Refresh] done in 244926ms @ http://localhost:3000/_next/static/chunks/node_modules_next_dist_1e8vcs8._.js:782
[  301738ms] [LOG] [Fast Refresh] done in 244926ms @ http://localhost:3000/_next/static/chunks/node_modules_next_dist_1e8vcs8._.js:782
[  301785ms] [LOG] [Fast Refresh] done in 244926ms @ http://localhost:3000/_next/static/chunks/node_modules_next_dist_1e8vcs8._.js:782
[  301847ms] [LOG] [Fast Refresh] done in 244926ms @ http://localhost:3000/_next/static/chunks/node_modules_next_dist_1e8vcs8._.js:782
[  301910ms] [LOG] [Fast Refresh] done in 244926ms @ http://localhost:3000/_next/static/chunks/node_modules_next_dist_1e8vcs8._.js:782
[  301971ms] [LOG] [Fast Refresh] done in 244926ms @ http://localhost:3000/_next/static/chunks/node_modules_next_dist_1e8vcs8._.js:782
[  302033ms] [LOG] [Fast Refresh] done in 244926ms @ http://localhost:3000/_next/static/chunks/node_modules_next_dist_1e8vcs8._.js:782
[  302081ms] [LOG] [Fast Refresh] done in 244926ms @ http://localhost:3000/_next/static/chunks/node_modules_next_dist_1e8vcs8._.js:782
[  302143ms] [LOG] [Fast Refresh] done in 244926ms @ http://localhost:3000/_next/static/chunks/node_modules_next_dist_1e8vcs8._.js:782
[  302205ms] [LOG] [Fast Refresh] done in 244926ms @ http://localhost:3000/_next/static/chunks/node_modules_next_dist_1e8vcs8._.js:782
[  302253ms] [LOG] [Fast Refresh] done in 244926ms @ http://localhost:3000/_next/static/chunks/node_modules_next_dist_1e8vcs8._.js:782
[  302313ms] [LOG] [Fast Refresh] done in 244926ms @ http://localhost:3000/_next/static/chunks/node_modules_next_dist_1e8vcs8._.js:782
[  302376ms] [LOG] [Fast Refresh] done in 244926ms @ http://localhost:3000/_next/static/chunks/node_modules_next_dist_1e8vcs8._.js:782
[  302423ms] [LOG] [Fast Refresh] done in 244926ms @ http://localhost:3000/_next/static/chunks/node_modules_next_dist_1e8vcs8._.js:782
[  302470ms] [LOG] [Fast Refresh] done in 244926ms @ http://localhost:3000/_next/static/chunks/node_modules_next_dist_1e8vcs8._.js:782
[  302517ms] [LOG] [Fast Refresh] done in 244926ms @ http://localhost:3000/_next/static/chunks/node_modules_next_dist_1e8vcs8._.js:782
[  302565ms] [LOG] [Fast Refresh] done in 244926ms @ http://localhost:3000/_next/static/chunks/node_modules_next_dist_1e8vcs8._.js:782
[  302629ms] [LOG] [Fast Refresh] done in 244926ms @ http://localhost:3000/_next/static/chunks/node_modules_next_dist_1e8vcs8._.js:782
[  302691ms] [LOG] [Fast Refresh] done in 244926ms @ http://localhost:3000/_next/static/chunks/node_modules_next_dist_1e8vcs8._.js:782
[  302753ms] [LOG] [Fast Refresh] done in 244926ms @ http://localhost:3000/_next/static/chunks/node_modules_next_dist_1e8vcs8._.js:782
[  302814ms] [LOG] [Fast Refresh] done in 244926ms @ http://localhost:3000/_next/static/chunks/node_modules_next_dist_1e8vcs8._.js:782
[  302861ms] [LOG] [Fast Refresh] done in 244926ms @ http://localhost:3000/_next/static/chunks/node_modules_next_dist_1e8vcs8._.js:782
[  302909ms] [LOG] [Fast Refresh] done in 244926ms @ http://localhost:3000/_next/static/chunks/node_modules_next_dist_1e8vcs8._.js:782
[  302957ms] [LOG] [Fast Refresh] done in 244926ms @ http://localhost:3000/_next/static/chunks/node_modules_next_dist_1e8vcs8._.js:782
[  303004ms] [LOG] [Fast Refresh] done in 244926ms @ http://localhost:3000/_next/static/chunks/node_modules_next_dist_1e8vcs8._.js:782
[  303051ms] [LOG] [Fast Refresh] done in 244926ms @ http://localhost:3000/_next/static/chunks/node_modules_next_dist_1e8vcs8._.js:782
[  303112ms] [LOG] [Fast Refresh] done in 244926ms @ http://localhost:3000/_next/static/chunks/node_modules_next_dist_1e8vcs8._.js:782
[  303176ms] [LOG] [Fast Refresh] done in 244926ms @ http://localhost:3000/_next/static/chunks/node_modules_next_dist_1e8vcs8._.js:782
[  303223ms] [LOG] [Fast Refresh] done in 244926ms @ http://localhost:3000/_next/static/chunks/node_modules_next_dist_1e8vcs8._.js:782
[  303271ms] [LOG] [Fast Refresh] done in 244926ms @ http://localhost:3000/_next/static/chunks/node_modules_next_dist_1e8vcs8._.js:782
[  303333ms] [LOG] [Fast Refresh] done in 244926ms @ http://localhost:3000/_next/static/chunks/node_modules_next_dist_1e8vcs8._.js:782
[  303380ms] [LOG] [Fast Refresh] done in 244926ms @ http://localhost:3000/_next/static/chunks/node_modules_next_dist_1e8vcs8._.js:782
[  303427ms] [LOG] [Fast Refresh] done in 244926ms @ http://localhost:3000/_next/static/chunks/node_modules_next_dist_1e8vcs8._.js:782
[  303489ms] [LOG] [Fast Refresh] done in 244926ms @ http://localhost:3000/_next/static/chunks/node_modules_next_dist_1e8vcs8._.js:782
[  303536ms] [LOG] [Fast Refresh] done in 244926ms @ http://localhost:3000/_next/static/chunks/node_modules_next_dist_1e8vcs8._.js:782
[  303584ms] [LOG] [Fast Refresh] done in 244926ms @ http://localhost:3000/_next/static/chunks/node_modules_next_dist_1e8vcs8._.js:782
[  303632ms] [LOG] [Fast Refresh] done in 244926ms @ http://localhost:3000/_next/static/chunks/node_modules_next_dist_1e8vcs8._.js:782
[  303693ms] [LOG] [Fast Refresh] done in 244926ms @ http://localhost:3000/_next/static/chunks/node_modules_next_dist_1e8vcs8._.js:782
[  303754ms] [LOG] [Fast Refresh] done in 244926ms @ http://localhost:3000/_next/static/chunks/node_modules_next_dist_1e8vcs8._.js:782
[  303816ms] [LOG] [Fast Refresh] done in 244926ms @ http://localhost:3000/_next/static/chunks/node_modules_next_dist_1e8vcs8._.js:782
[  303879ms] [LOG] [Fast Refresh] done in 244926ms @ http://localhost:3000/_next/static/chunks/node_modules_next_dist_1e8vcs8._.js:782
[  303927ms] [LOG] [Fast Refresh] done in 244926ms @ http://localhost:3000/_next/static/chunks/node_modules_next_dist_1e8vcs8._.js:782
[  303974ms] [LOG] [Fast Refresh] done in 244926ms @ http://localhost:3000/_next/static/chunks/node_modules_next_dist_1e8vcs8._.js:782
[  304036ms] [LOG] [Fast Refresh] done in 244926ms @ http://localhost:3000/_next/static/chunks/node_modules_next_dist_1e8vcs8._.js:782
[  304084ms] [LOG] [Fast Refresh] done in 244926ms @ http://localhost:3000/_next/static/chunks/node_modules_next_dist_1e8vcs8._.js:782
[  304132ms] [LOG] [Fast Refresh] done in 244926ms @ http://localhost:3000/_next/static/chunks/node_modules_next_dist_1e8vcs8._.js:782
[  304195ms] [LOG] [Fast Refresh] done in 244926ms @ http://localhost:3000/_next/static/chunks/node_modules_next_dist_1e8vcs8._.js:782
[  304257ms] [LOG] [Fast Refresh] done in 244926ms @ http://localhost:3000/_next/static/chunks/node_modules_next_dist_1e8vcs8._.js:782
[  304305ms] [LOG] [Fast Refresh] done in 244926ms @ http://localhost:3000/_next/static/chunks/node_modules_next_dist_1e8vcs8._.js:782
[  304352ms] [LOG] [Fast Refresh] done in 244926ms @ http://localhost:3000/_next/static/chunks/node_modules_next_dist_1e8vcs8._.js:782
[  304399ms] [LOG] [Fast Refresh] done in 244926ms @ http://localhost:3000/_next/static/chunks/node_modules_next_dist_1e8vcs8._.js:782
[  304446ms] [LOG] [Fast Refresh] done in 244926ms @ http://localhost:3000/_next/static/chunks/node_modules_next_dist_1e8vcs8._.js:782
[  304509ms] [LOG] [Fast Refresh] done in 244926ms @ http://localhost:3000/_next/static/chunks/node_modules_next_dist_1e8vcs8._.js:782
[  304556ms] [LOG] [Fast Refresh] done in 244926ms @ http://localhost:3000/_next/static/chunks/node_modules_next_dist_1e8vcs8._.js:782
[  304619ms] [LOG] [Fast Refresh] done in 244926ms @ http://localhost:3000/_next/static/chunks/node_modules_next_dist_1e8vcs8._.js:782
[  304667ms] [LOG] [Fast Refresh] done in 244926ms @ http://localhost:3000/_next/static/chunks/node_modules_next_dist_1e8vcs8._.js:782
[  304730ms] [LOG] [Fast Refresh] done in 244926ms @ http://localhost:3000/_next/static/chunks/node_modules_next_dist_1e8vcs8._.js:782
[  304792ms] [LOG] [Fast Refresh] done in 244926ms @ http://localhost:3000/_next/static/chunks/node_modules_next_dist_1e8vcs8._.js:782
[  304840ms] [LOG] [Fast Refresh] done in 244926ms @ http://localhost:3000/_next/static/chunks/node_modules_next_dist_1e8vcs8._.js:782
[  304902ms] [LOG] [Fast Refresh] done in 244926ms @ http://localhost:3000/_next/static/chunks/node_modules_next_dist_1e8vcs8._.js:782
[  304966ms] [LOG] [Fast Refresh] done in 244926ms @ http://localhost:3000/_next/static/chunks/node_modules_next_dist_1e8vcs8._.js:782
[  305028ms] [LOG] [Fast Refresh] done in 244926ms @ http://localhost:3000/_next/static/chunks/node_modules_next_dist_1e8vcs8._.js:782
[  305090ms] [LOG] [Fast Refresh] done in 244926ms @ http://localhost:3000/_next/static/chunks/node_modules_next_dist_1e8vcs8._.js:782
[  305151ms] [LOG] [Fast Refresh] done in 244926ms @ http://localhost:3000/_next/static/chunks/node_modules_next_dist_1e8vcs8._.js:782
[  305213ms] [LOG] [Fast Refresh] done in 244926ms @ http://localhost:3000/_next/static/chunks/node_modules_next_dist_1e8vcs8._.js:782
[  305275ms] [LOG] [Fast Refresh] done in 244926ms @ http://localhost:3000/_next/static/chunks/node_modules_next_dist_1e8vcs8._.js:782
[  305337ms] [LOG] [Fast Refresh] done in 244926ms @ http://localhost:3000/_next/static/chunks/node_modules_next_dist_1e8vcs8._.js:782
[  305384ms] [LOG] [Fast Refresh] done in 244926ms @ http://localhost:3000/_next/static/chunks/node_modules_next_dist_1e8vcs8._.js:782
[  305448ms] [LOG] [Fast Refresh] done in 244926ms @ http://localhost:3000/_next/static/chunks/node_modules_next_dist_1e8vcs8._.js:782
[  305510ms] [LOG] [Fast Refresh] done in 244926ms @ http://localhost:3000/_next/static/chunks/node_modules_next_dist_1e8vcs8._.js:782
[  305572ms] [LOG] [Fast Refresh] done in 244926ms @ http://localhost:3000/_next/static/chunks/node_modules_next_dist_1e8vcs8._.js:782
[  305633ms] [LOG] [Fast Refresh] done in 244926ms @ http://localhost:3000/_next/static/chunks/node_modules_next_dist_1e8vcs8._.js:782
[  305681ms] [LOG] [Fast Refresh] done in 244926ms @ http://localhost:3000/_next/static/chunks/node_modules_next_dist_1e8vcs8._.js:782
[  305744ms] [LOG] [Fast Refresh] done in 244926ms @ http://localhost:3000/_next/static/chunks/node_modules_next_dist_1e8vcs8._.js:782
[  305806ms] [LOG] [Fast Refresh] done in 244926ms @ http://localhost:3000/_next/static/chunks/node_modules_next_dist_1e8vcs8._.js:782
[  305853ms] [LOG] [Fast Refresh] done in 244926ms @ http://localhost:3000/_next/static/chunks/node_modules_next_dist_1e8vcs8._.js:782
[  305900ms] [LOG] [Fast Refresh] done in 244926ms @ http://localhost:3000/_next/static/chunks/node_modules_next_dist_1e8vcs8._.js:782
[  305962ms] [LOG] [Fast Refresh] done in 244926ms @ http://localhost:3000/_next/static/chunks/node_modules_next_dist_1e8vcs8._.js:782
[  306009ms] [LOG] [Fast Refresh] done in 244926ms @ http://localhost:3000/_next/static/chunks/node_modules_next_dist_1e8vcs8._.js:782
[  306072ms] [LOG] [Fast Refresh] done in 244926ms @ http://localhost:3000/_next/static/chunks/node_modules_next_dist_1e8vcs8._.js:782
[  306135ms] [LOG] [Fast Refresh] done in 244926ms @ http://localhost:3000/_next/static/chunks/node_modules_next_dist_1e8vcs8._.js:782
[  306183ms] [LOG] [Fast Refresh] done in 244926ms @ http://localhost:3000/_next/static/chunks/node_modules_next_dist_1e8vcs8._.js:782
[  306245ms] [LOG] [Fast Refresh] done in 244926ms @ http://localhost:3000/_next/static/chunks/node_modules_next_dist_1e8vcs8._.js:782
[  306307ms] [LOG] [Fast Refresh] done in 244926ms @ http://localhost:3000/_next/static/chunks/node_modules_next_dist_1e8vcs8._.js:782
[  306370ms] [LOG] [Fast Refresh] done in 244926ms @ http://localhost:3000/_next/static/chunks/node_modules_next_dist_1e8vcs8._.js:782
[  306432ms] [LOG] [Fast Refresh] done in 244926ms @ http://localhost:3000/_next/static/chunks/node_modules_next_dist_1e8vcs8._.js:782
[  306495ms] [LOG] [Fast Refresh] done in 244926ms @ http://localhost:3000/_next/static/chunks/node_modules_next_dist_1e8vcs8._.js:782
[  306556ms] [LOG] [Fast Refresh] done in 244926ms @ http://localhost:3000/_next/static/chunks/node_modules_next_dist_1e8vcs8._.js:782
[  306604ms] [LOG] [Fast Refresh] done in 244926ms @ http://localhost:3000/_next/static/chunks/node_modules_next_dist_1e8vcs8._.js:782
[  306652ms] [LOG] [Fast Refresh] done in 244926ms @ http://localhost:3000/_next/static/chunks/node_modules_next_dist_1e8vcs8._.js:782
[  306714ms] [LOG] [Fast Refresh] done in 244926ms @ http://localhost:3000/_next/static/chunks/node_modules_next_dist_1e8vcs8._.js:782
[  306761ms] [LOG] [Fast Refresh] done in 244926ms @ http://localhost:3000/_next/static/chunks/node_modules_next_dist_1e8vcs8._.js:782
[  306825ms] [LOG] [Fast Refresh] done in 244926ms @ http://localhost:3000/_next/static/chunks/node_modules_next_dist_1e8vcs8._.js:782
[  306889ms] [LOG] [Fast Refresh] done in 244926ms @ http://localhost:3000/_next/static/chunks/node_modules_next_dist_1e8vcs8._.js:782
[  306952ms] [LOG] [Fast Refresh] done in 244926ms @ http://localhost:3000/_next/static/chunks/node_modules_next_dist_1e8vcs8._.js:782
[  307013ms] [LOG] [Fast Refresh] done in 244926ms @ http://localhost:3000/_next/static/chunks/node_modules_next_dist_1e8vcs8._.js:782
[  307077ms] [LOG] [Fast Refresh] done in 244926ms @ http://localhost:3000/_next/static/chunks/node_modules_next_dist_1e8vcs8._.js:782
[  307139ms] [LOG] [Fast Refresh] done in 244926ms @ http://localhost:3000/_next/static/chunks/node_modules_next_dist_1e8vcs8._.js:782
[  307201ms] [LOG] [Fast Refresh] done in 244926ms @ http://localhost:3000/_next/static/chunks/node_modules_next_dist_1e8vcs8._.js:782
[  307264ms] [LOG] [Fast Refresh] done in 244926ms @ http://localhost:3000/_next/static/chunks/node_modules_next_dist_1e8vcs8._.js:782
[  307326ms] [LOG] [Fast Refresh] done in 244926ms @ http://localhost:3000/_next/static/chunks/node_modules_next_dist_1e8vcs8._.js:782
[  307388ms] [LOG] [Fast Refresh] done in 244926ms @ http://localhost:3000/_next/static/chunks/node_modules_next_dist_1e8vcs8._.js:782
[  307435ms] [LOG] [Fast Refresh] done in 244926ms @ http://localhost:3000/_next/static/chunks/node_modules_next_dist_1e8vcs8._.js:782
[  307497ms] [LOG] [Fast Refresh] done in 244926ms @ http://localhost:3000/_next/static/chunks/node_modules_next_dist_1e8vcs8._.js:782
[  307545ms] [LOG] [Fast Refresh] done in 244926ms @ http://localhost:3000/_next/static/chunks/node_modules_next_dist_1e8vcs8._.js:782
[  307593ms] [LOG] [Fast Refresh] done in 244926ms @ http://localhost:3000/_next/static/chunks/node_modules_next_dist_1e8vcs8._.js:782
[  307654ms] [LOG] [Fast Refresh] done in 244926ms @ http://localhost:3000/_next/static/chunks/node_modules_next_dist_1e8vcs8._.js:782
[  307716ms] [LOG] [Fast Refresh] done in 244926ms @ http://localhost:3000/_next/static/chunks/node_modules_next_dist_1e8vcs8._.js:782
[  307763ms] [LOG] [Fast Refresh] done in 244926ms @ http://localhost:3000/_next/static/chunks/node_modules_next_dist_1e8vcs8._.js:782
[  307811ms] [LOG] [Fast Refresh] done in 244926ms @ http://localhost:3000/_next/static/chunks/node_modules_next_dist_1e8vcs8._.js:782
[  307872ms] [LOG] [Fast Refresh] done in 244926ms @ http://localhost:3000/_next/static/chunks/node_modules_next_dist_1e8vcs8._.js:782
[  307920ms] [LOG] [Fast Refresh] done in 244926ms @ http://localhost:3000/_next/static/chunks/node_modules_next_dist_1e8vcs8._.js:782
[  307982ms] [LOG] [Fast Refresh] done in 244926ms @ http://localhost:3000/_next/static/chunks/node_modules_next_dist_1e8vcs8._.js:782
[  308045ms] [LOG] [Fast Refresh] done in 244926ms @ http://localhost:3000/_next/static/chunks/node_modules_next_dist_1e8vcs8._.js:782
[  308109ms] [LOG] [Fast Refresh] done in 244926ms @ http://localhost:3000/_next/static/chunks/node_modules_next_dist_1e8vcs8._.js:782
[  308171ms] [LOG] [Fast Refresh] done in 244926ms @ http://localhost:3000/_next/static/chunks/node_modules_next_dist_1e8vcs8._.js:782
[  308233ms] [LOG] [Fast Refresh] done in 244926ms @ http://localhost:3000/_next/static/chunks/node_modules_next_dist_1e8vcs8._.js:782
[  308295ms] [LOG] [Fast Refresh] done in 244926ms @ http://localhost:3000/_next/static/chunks/node_modules_next_dist_1e8vcs8._.js:782
[  308359ms] [LOG] [Fast Refresh] done in 244926ms @ http://localhost:3000/_next/static/chunks/node_modules_next_dist_1e8vcs8._.js:782
[  308406ms] [LOG] [Fast Refresh] done in 244926ms @ http://localhost:3000/_next/static/chunks/node_modules_next_dist_1e8vcs8._.js:782
[  308469ms] [LOG] [Fast Refresh] done in 244926ms @ http://localhost:3000/_next/static/chunks/node_modules_next_dist_1e8vcs8._.js:782
[  308532ms] [LOG] [Fast Refresh] done in 244926ms @ http://localhost:3000/_next/static/chunks/node_modules_next_dist_1e8vcs8._.js:782
[  308581ms] [LOG] [Fast Refresh] done in 244926ms @ http://localhost:3000/_next/static/chunks/node_modules_next_dist_1e8vcs8._.js:782
[  308643ms] [LOG] [Fast Refresh] done in 244926ms @ http://localhost:3000/_next/static/chunks/node_modules_next_dist_1e8vcs8._.js:782
[  308706ms] [LOG] [Fast Refresh] done in 244926ms @ http://localhost:3000/_next/static/chunks/node_modules_next_dist_1e8vcs8._.js:782
[  308768ms] [LOG] [Fast Refresh] done in 244926ms @ http://localhost:3000/_next/static/chunks/node_modules_next_dist_1e8vcs8._.js:782
[  308829ms] [LOG] [Fast Refresh] done in 244926ms @ http://localhost:3000/_next/static/chunks/node_modules_next_dist_1e8vcs8._.js:782
[  308892ms] [LOG] [Fast Refresh] done in 244926ms @ http://localhost:3000/_next/static/chunks/node_modules_next_dist_1e8vcs8._.js:782
[  308939ms] [LOG] [Fast Refresh] done in 244926ms @ http://localhost:3000/_next/static/chunks/node_modules_next_dist_1e8vcs8._.js:782
[  309001ms] [LOG] [Fast Refresh] done in 244926ms @ http://localhost:3000/_next/static/chunks/node_modules_next_dist_1e8vcs8._.js:782
[  309064ms] [LOG] [Fast Refresh] done in 244926ms @ http://localhost:3000/_next/static/chunks/node_modules_next_dist_1e8vcs8._.js:782
[  309111ms] [LOG] [Fast Refresh] done in 244926ms @ http://localhost:3000/_next/static/chunks/node_modules_next_dist_1e8vcs8._.js:782
[  309158ms] [LOG] [Fast Refresh] done in 244926ms @ http://localhost:3000/_next/static/chunks/node_modules_next_dist_1e8vcs8._.js:782
[  309221ms] [LOG] [Fast Refresh] done in 244926ms @ http://localhost:3000/_next/static/chunks/node_modules_next_dist_1e8vcs8._.js:782
[  309268ms] [LOG] [Fast Refresh] done in 244926ms @ http://localhost:3000/_next/static/chunks/node_modules_next_dist_1e8vcs8._.js:782
[  309330ms] [LOG] [Fast Refresh] done in 244926ms @ http://localhost:3000/_next/static/chunks/node_modules_next_dist_1e8vcs8._.js:782
[  309393ms] [LOG] [Fast Refresh] done in 244926ms @ http://localhost:3000/_next/static/chunks/node_modules_next_dist_1e8vcs8._.js:782
[  309455ms] [LOG] [Fast Refresh] done in 244926ms @ http://localhost:3000/_next/static/chunks/node_modules_next_dist_1e8vcs8._.js:782
[  309517ms] [LOG] [Fast Refresh] done in 244926ms @ http://localhost:3000/_next/static/chunks/node_modules_next_dist_1e8vcs8._.js:782
[  309580ms] [LOG] [Fast Refresh] done in 244926ms @ http://localhost:3000/_next/static/chunks/node_modules_next_dist_1e8vcs8._.js:782
[  309627ms] [LOG] [Fast Refresh] done in 244926ms @ http://localhost:3000/_next/static/chunks/node_modules_next_dist_1e8vcs8._.js:782
[  309689ms] [LOG] [Fast Refresh] done in 244926ms @ http://localhost:3000/_next/static/chunks/node_modules_next_dist_1e8vcs8._.js:782
[  309751ms] [LOG] [Fast Refresh] done in 244926ms @ http://localhost:3000/_next/static/chunks/node_modules_next_dist_1e8vcs8._.js:782
[  309813ms] [LOG] [Fast Refresh] done in 244926ms @ http://localhost:3000/_next/static/chunks/node_modules_next_dist_1e8vcs8._.js:782
[  309860ms] [LOG] [Fast Refresh] done in 244926ms @ http://localhost:3000/_next/static/chunks/node_modules_next_dist_1e8vcs8._.js:782
[  309922ms] [LOG] [Fast Refresh] done in 244926ms @ http://localhost:3000/_next/static/chunks/node_modules_next_dist_1e8vcs8._.js:782
[  309984ms] [LOG] [Fast Refresh] done in 244926ms @ http://localhost:3000/_next/static/chunks/node_modules_next_dist_1e8vcs8._.js:782
[  310046ms] [LOG] [Fast Refresh] done in 244926ms @ http://localhost:3000/_next/static/chunks/node_modules_next_dist_1e8vcs8._.js:782
[  310108ms] [LOG] [Fast Refresh] done in 244926ms @ http://localhost:3000/_next/static/chunks/node_modules_next_dist_1e8vcs8._.js:782
[  310171ms] [LOG] [Fast Refresh] done in 244926ms @ http://localhost:3000/_next/static/chunks/node_modules_next_dist_1e8vcs8._.js:782
[  310233ms] [LOG] [Fast Refresh] done in 244926ms @ http://localhost:3000/_next/static/chunks/node_modules_next_dist_1e8vcs8._.js:782
[  310296ms] [LOG] [Fast Refresh] done in 244926ms @ http://localhost:3000/_next/static/chunks/node_modules_next_dist_1e8vcs8._.js:782
[  310357ms] [LOG] [Fast Refresh] done in 244926ms @ http://localhost:3000/_next/static/chunks/node_modules_next_dist_1e8vcs8._.js:782
[  310420ms] [LOG] [Fast Refresh] done in 244926ms @ http://localhost:3000/_next/static/chunks/node_modules_next_dist_1e8vcs8._.js:782
[  310468ms] [LOG] [Fast Refresh] done in 244926ms @ http://localhost:3000/_next/static/chunks/node_modules_next_dist_1e8vcs8._.js:782
[  310530ms] [LOG] [Fast Refresh] done in 244926ms @ http://localhost:3000/_next/static/chunks/node_modules_next_dist_1e8vcs8._.js:782
[  310593ms] [LOG] [Fast Refresh] done in 244926ms @ http://localhost:3000/_next/static/chunks/node_modules_next_dist_1e8vcs8._.js:782
[  310641ms] [LOG] [Fast Refresh] done in 244926ms @ http://localhost:3000/_next/static/chunks/node_modules_next_dist_1e8vcs8._.js:782
[  310703ms] [LOG] [Fast Refresh] done in 244926ms @ http://localhost:3000/_next/static/chunks/node_modules_next_dist_1e8vcs8._.js:782
[  310766ms] [LOG] [Fast Refresh] done in 244926ms @ http://localhost:3000/_next/static/chunks/node_modules_next_dist_1e8vcs8._.js:782
[  310828ms] [LOG] [Fast Refresh] done in 244926ms @ http://localhost:3000/_next/static/chunks/node_modules_next_dist_1e8vcs8._.js:782
[  310890ms] [LOG] [Fast Refresh] done in 244926ms @ http://localhost:3000/_next/static/chunks/node_modules_next_dist_1e8vcs8._.js:782
[  310953ms] [LOG] [Fast Refresh] done in 244926ms @ http://localhost:3000/_next/static/chunks/node_modules_next_dist_1e8vcs8._.js:782
[  311015ms] [LOG] [Fast Refresh] done in 244926ms @ http://localhost:3000/_next/static/chunks/node_modules_next_dist_1e8vcs8._.js:782
[  311077ms] [LOG] [Fast Refresh] done in 244926ms @ http://localhost:3000/_next/static/chunks/node_modules_next_dist_1e8vcs8._.js:782
[  311139ms] [LOG] [Fast Refresh] done in 244926ms @ http://localhost:3000/_next/static/chunks/node_modules_next_dist_1e8vcs8._.js:782
[  311186ms] [LOG] [Fast Refresh] done in 244926ms @ http://localhost:3000/_next/static/chunks/node_modules_next_dist_1e8vcs8._.js:782
[  311249ms] [LOG] [Fast Refresh] done in 244926ms @ http://localhost:3000/_next/static/chunks/node_modules_next_dist_1e8vcs8._.js:782
[  311311ms] [LOG] [Fast Refresh] done in 244926ms @ http://localhost:3000/_next/static/chunks/node_modules_next_dist_1e8vcs8._.js:782
[  311374ms] [LOG] [Fast Refresh] done in 244926ms @ http://localhost:3000/_next/static/chunks/node_modules_next_dist_1e8vcs8._.js:782
[  311421ms] [LOG] [Fast Refresh] done in 244926ms @ http://localhost:3000/_next/static/chunks/node_modules_next_dist_1e8vcs8._.js:782
[  311484ms] [LOG] [Fast Refresh] done in 244926ms @ http://localhost:3000/_next/static/chunks/node_modules_next_dist_1e8vcs8._.js:782
[  311547ms] [LOG] [Fast Refresh] done in 244926ms @ http://localhost:3000/_next/static/chunks/node_modules_next_dist_1e8vcs8._.js:782
[  311610ms] [LOG] [Fast Refresh] done in 244926ms @ http://localhost:3000/_next/static/chunks/node_modules_next_dist_1e8vcs8._.js:782
[  311672ms] [LOG] [Fast Refresh] done in 244926ms @ http://localhost:3000/_next/static/chunks/node_modules_next_dist_1e8vcs8._.js:782
[  311719ms] [LOG] [Fast Refresh] done in 244926ms @ http://localhost:3000/_next/static/chunks/node_modules_next_dist_1e8vcs8._.js:782
[  311782ms] [LOG] [Fast Refresh] done in 244926ms @ http://localhost:3000/_next/static/chunks/node_modules_next_dist_1e8vcs8._.js:782
[  311844ms] [LOG] [Fast Refresh] done in 244926ms @ http://localhost:3000/_next/static/chunks/node_modules_next_dist_1e8vcs8._.js:782
[  311906ms] [LOG] [Fast Refresh] done in 244926ms @ http://localhost:3000/_next/static/chunks/node_modules_next_dist_1e8vcs8._.js:782
[  311969ms] [LOG] [Fast Refresh] done in 244926ms @ http://localhost:3000/_next/static/chunks/node_modules_next_dist_1e8vcs8._.js:782
[  312030ms] [LOG] [Fast Refresh] done in 244926ms @ http://localhost:3000/_next/static/chunks/node_modules_next_dist_1e8vcs8._.js:782
[  312076ms] [LOG] [Fast Refresh] done in 244926ms @ http://localhost:3000/_next/static/chunks/node_modules_next_dist_1e8vcs8._.js:782
[  312138ms] [LOG] [Fast Refresh] done in 244926ms @ http://localhost:3000/_next/static/chunks/node_modules_next_dist_1e8vcs8._.js:782
[  312200ms] [LOG] [Fast Refresh] done in 244926ms @ http://localhost:3000/_next/static/chunks/node_modules_next_dist_1e8vcs8._.js:782
[  312262ms] [LOG] [Fast Refresh] done in 244926ms @ http://localhost:3000/_next/static/chunks/node_modules_next_dist_1e8vcs8._.js:782
[  312324ms] [LOG] [Fast Refresh] done in 244926ms @ http://localhost:3000/_next/static/chunks/node_modules_next_dist_1e8vcs8._.js:782
[  312387ms] [LOG] [Fast Refresh] done in 244926ms @ http://localhost:3000/_next/static/chunks/node_modules_next_dist_1e8vcs8._.js:782
[  312449ms] [LOG] [Fast Refresh] done in 244926ms @ http://localhost:3000/_next/static/chunks/node_modules_next_dist_1e8vcs8._.js:782
[  312511ms] [LOG] [Fast Refresh] done in 244926ms @ http://localhost:3000/_next/static/chunks/node_modules_next_dist_1e8vcs8._.js:782
[  312574ms] [LOG] [Fast Refresh] done in 244926ms @ http://localhost:3000/_next/static/chunks/node_modules_next_dist_1e8vcs8._.js:782
[  312636ms] [LOG] [Fast Refresh] done in 244926ms @ http://localhost:3000/_next/static/chunks/node_modules_next_dist_1e8vcs8._.js:782
[  312698ms] [LOG] [Fast Refresh] done in 244926ms @ http://localhost:3000/_next/static/chunks/node_modules_next_dist_1e8vcs8._.js:782
[  312745ms] [LOG] [Fast Refresh] done in 244926ms @ http://localhost:3000/_next/static/chunks/node_modules_next_dist_1e8vcs8._.js:782
[  312793ms] [LOG] [Fast Refresh] done in 244926ms @ http://localhost:3000/_next/static/chunks/node_modules_next_dist_1e8vcs8._.js:782
[  312856ms] [LOG] [Fast Refresh] done in 244926ms @ http://localhost:3000/_next/static/chunks/node_modules_next_dist_1e8vcs8._.js:782
[  312918ms] [LOG] [Fast Refresh] done in 244926ms @ http://localhost:3000/_next/static/chunks/node_modules_next_dist_1e8vcs8._.js:782
[  312980ms] [LOG] [Fast Refresh] done in 244926ms @ http://localhost:3000/_next/static/chunks/node_modules_next_dist_1e8vcs8._.js:782
[  313042ms] [LOG] [Fast Refresh] done in 244926ms @ http://localhost:3000/_next/static/chunks/node_modules_next_dist_1e8vcs8._.js:782
[  313089ms] [LOG] [Fast Refresh] done in 244926ms @ http://localhost:3000/_next/static/chunks/node_modules_next_dist_1e8vcs8._.js:782
[  313151ms] [LOG] [Fast Refresh] done in 244926ms @ http://localhost:3000/_next/static/chunks/node_modules_next_dist_1e8vcs8._.js:782
[  313213ms] [LOG] [Fast Refresh] done in 244926ms @ http://localhost:3000/_next/static/chunks/node_modules_next_dist_1e8vcs8._.js:782
[  313275ms] [LOG] [Fast Refresh] done in 244926ms @ http://localhost:3000/_next/static/chunks/node_modules_next_dist_1e8vcs8._.js:782
[  313322ms] [LOG] [Fast Refresh] done in 244926ms @ http://localhost:3000/_next/static/chunks/node_modules_next_dist_1e8vcs8._.js:782
[  313369ms] [LOG] [Fast Refresh] done in 244926ms @ http://localhost:3000/_next/static/chunks/node_modules_next_dist_1e8vcs8._.js:782
[  313430ms] [LOG] [Fast Refresh] done in 244926ms @ http://localhost:3000/_next/static/chunks/node_modules_next_dist_1e8vcs8._.js:782
[  313492ms] [LOG] [Fast Refresh] done in 244926ms @ http://localhost:3000/_next/static/chunks/node_modules_next_dist_1e8vcs8._.js:782
[  313556ms] [LOG] [Fast Refresh] done in 244926ms @ http://localhost:3000/_next/static/chunks/node_modules_next_dist_1e8vcs8._.js:782
[  313618ms] [LOG] [Fast Refresh] done in 244926ms @ http://localhost:3000/_next/static/chunks/node_modules_next_dist_1e8vcs8._.js:782
[  313665ms] [LOG] [Fast Refresh] done in 244926ms @ http://localhost:3000/_next/static/chunks/node_modules_next_dist_1e8vcs8._.js:782
[  313727ms] [LOG] [Fast Refresh] done in 244926ms @ http://localhost:3000/_next/static/chunks/node_modules_next_dist_1e8vcs8._.js:782
[  313788ms] [LOG] [Fast Refresh] done in 244926ms @ http://localhost:3000/_next/static/chunks/node_modules_next_dist_1e8vcs8._.js:782
[  313836ms] [LOG] [Fast Refresh] done in 244926ms @ http://localhost:3000/_next/static/chunks/node_modules_next_dist_1e8vcs8._.js:782
[  313898ms] [LOG] [Fast Refresh] done in 244926ms @ http://localhost:3000/_next/static/chunks/node_modules_next_dist_1e8vcs8._.js:782
[  313960ms] [LOG] [Fast Refresh] done in 244926ms @ http://localhost:3000/_next/static/chunks/node_modules_next_dist_1e8vcs8._.js:782
[  314007ms] [LOG] [Fast Refresh] done in 244926ms @ http://localhost:3000/_next/static/chunks/node_modules_next_dist_1e8vcs8._.js:782
[  314069ms] [LOG] [Fast Refresh] done in 244926ms @ http://localhost:3000/_next/static/chunks/node_modules_next_dist_1e8vcs8._.js:782
[  314131ms] [LOG] [Fast Refresh] done in 244926ms @ http://localhost:3000/_next/static/chunks/node_modules_next_dist_1e8vcs8._.js:782
[  314179ms] [LOG] [Fast Refresh] done in 244926ms @ http://localhost:3000/_next/static/chunks/node_modules_next_dist_1e8vcs8._.js:782
[  314241ms] [LOG] [Fast Refresh] done in 244926ms @ http://localhost:3000/_next/static/chunks/node_modules_next_dist_1e8vcs8._.js:782
[  314304ms] [LOG] [Fast Refresh] done in 244926ms @ http://localhost:3000/_next/static/chunks/node_modules_next_dist_1e8vcs8._.js:782
[  314366ms] [LOG] [Fast Refresh] done in 244926ms @ http://localhost:3000/_next/static/chunks/node_modules_next_dist_1e8vcs8._.js:782
[  314429ms] [LOG] [Fast Refresh] done in 244926ms @ http://localhost:3000/_next/static/chunks/node_modules_next_dist_1e8vcs8._.js:782
[  314491ms] [LOG] [Fast Refresh] done in 244926ms @ http://localhost:3000/_next/static/chunks/node_modules_next_dist_1e8vcs8._.js:782
[  314539ms] [LOG] [Fast Refresh] done in 244926ms @ http://localhost:3000/_next/static/chunks/node_modules_next_dist_1e8vcs8._.js:782
[  314601ms] [LOG] [Fast Refresh] done in 244926ms @ http://localhost:3000/_next/static/chunks/node_modules_next_dist_1e8vcs8._.js:782
[  314663ms] [LOG] [Fast Refresh] done in 244926ms @ http://localhost:3000/_next/static/chunks/node_modules_next_dist_1e8vcs8._.js:782
[  314725ms] [LOG] [Fast Refresh] done in 244926ms @ http://localhost:3000/_next/static/chunks/node_modules_next_dist_1e8vcs8._.js:782
[  314787ms] [LOG] [Fast Refresh] done in 244926ms @ http://localhost:3000/_next/static/chunks/node_modules_next_dist_1e8vcs8._.js:782
[  314849ms] [LOG] [Fast Refresh] done in 244926ms @ http://localhost:3000/_next/static/chunks/node_modules_next_dist_1e8vcs8._.js:782
[  314912ms] [LOG] [Fast Refresh] done in 244926ms @ http://localhost:3000/_next/static/chunks/node_modules_next_dist_1e8vcs8._.js:782
[  314960ms] [LOG] [Fast Refresh] done in 244926ms @ http://localhost:3000/_next/static/chunks/node_modules_next_dist_1e8vcs8._.js:782
[  315023ms] [LOG] [Fast Refresh] done in 244926ms @ http://localhost:3000/_next/static/chunks/node_modules_next_dist_1e8vcs8._.js:782
[  315085ms] [LOG] [Fast Refresh] done in 244926ms @ http://localhost:3000/_next/static/chunks/node_modules_next_dist_1e8vcs8._.js:782
[  315147ms] [LOG] [Fast Refresh] done in 244926ms @ http://localhost:3000/_next/static/chunks/node_modules_next_dist_1e8vcs8._.js:782
[  315194ms] [LOG] [Fast Refresh] done in 244926ms @ http://localhost:3000/_next/static/chunks/node_modules_next_dist_1e8vcs8._.js:782
[  315242ms] [LOG] [Fast Refresh] done in 244926ms @ http://localhost:3000/_next/static/chunks/node_modules_next_dist_1e8vcs8._.js:782
[  315303ms] [LOG] [Fast Refresh] done in 244926ms @ http://localhost:3000/_next/static/chunks/node_modules_next_dist_1e8vcs8._.js:782
[  315349ms] [LOG] [Fast Refresh] done in 244926ms @ http://localhost:3000/_next/static/chunks/node_modules_next_dist_1e8vcs8._.js:782
[  315397ms] [LOG] [Fast Refresh] done in 244926ms @ http://localhost:3000/_next/static/chunks/node_modules_next_dist_1e8vcs8._.js:782
[  315459ms] [LOG] [Fast Refresh] done in 244926ms @ http://localhost:3000/_next/static/chunks/node_modules_next_dist_1e8vcs8._.js:782
[  315522ms] [LOG] [Fast Refresh] done in 244926ms @ http://localhost:3000/_next/static/chunks/node_modules_next_dist_1e8vcs8._.js:782
[  315584ms] [LOG] [Fast Refresh] done in 244926ms @ http://localhost:3000/_next/static/chunks/node_modules_next_dist_1e8vcs8._.js:782
[  315631ms] [LOG] [Fast Refresh] done in 244926ms @ http://localhost:3000/_next/static/chunks/node_modules_next_dist_1e8vcs8._.js:782
[  315694ms] [LOG] [Fast Refresh] done in 244926ms @ http://localhost:3000/_next/static/chunks/node_modules_next_dist_1e8vcs8._.js:782
[  315756ms] [LOG] [Fast Refresh] done in 244926ms @ http://localhost:3000/_next/static/chunks/node_modules_next_dist_1e8vcs8._.js:782
[  315818ms] [LOG] [Fast Refresh] done in 244926ms @ http://localhost:3000/_next/static/chunks/node_modules_next_dist_1e8vcs8._.js:782
[  315880ms] [LOG] [Fast Refresh] done in 244926ms @ http://localhost:3000/_next/static/chunks/node_modules_next_dist_1e8vcs8._.js:782
[  315928ms] [LOG] [Fast Refresh] done in 244926ms @ http://localhost:3000/_next/static/chunks/node_modules_next_dist_1e8vcs8._.js:782
[  315989ms] [LOG] [Fast Refresh] done in 244926ms @ http://localhost:3000/_next/static/chunks/node_modules_next_dist_1e8vcs8._.js:782
[  316052ms] [LOG] [Fast Refresh] done in 244926ms @ http://localhost:3000/_next/static/chunks/node_modules_next_dist_1e8vcs8._.js:782
[  316114ms] [LOG] [Fast Refresh] done in 244926ms @ http://localhost:3000/_next/static/chunks/node_modules_next_dist_1e8vcs8._.js:782
[  316175ms] [LOG] [Fast Refresh] done in 244926ms @ http://localhost:3000/_next/static/chunks/node_modules_next_dist_1e8vcs8._.js:782
[  316237ms] [LOG] [Fast Refresh] done in 244926ms @ http://localhost:3000/_next/static/chunks/node_modules_next_dist_1e8vcs8._.js:782
[  316299ms] [LOG] [Fast Refresh] done in 244926ms @ http://localhost:3000/_next/static/chunks/node_modules_next_dist_1e8vcs8._.js:782
[  316362ms] [LOG] [Fast Refresh] done in 244926ms @ http://localhost:3000/_next/static/chunks/node_modules_next_dist_1e8vcs8._.js:782
[  316425ms] [LOG] [Fast Refresh] done in 244926ms @ http://localhost:3000/_next/static/chunks/node_modules_next_dist_1e8vcs8._.js:782
[  316487ms] [LOG] [Fast Refresh] done in 244926ms @ http://localhost:3000/_next/static/chunks/node_modules_next_dist_1e8vcs8._.js:782
[  316550ms] [LOG] [Fast Refresh] done in 244926ms @ http://localhost:3000/_next/static/chunks/node_modules_next_dist_1e8vcs8._.js:782
[  316612ms] [LOG] [Fast Refresh] done in 244926ms @ http://localhost:3000/_next/static/chunks/node_modules_next_dist_1e8vcs8._.js:782
[  316673ms] [LOG] [Fast Refresh] done in 244926ms @ http://localhost:3000/_next/static/chunks/node_modules_next_dist_1e8vcs8._.js:782
[  316721ms] [LOG] [Fast Refresh] done in 244926ms @ http://localhost:3000/_next/static/chunks/node_modules_next_dist_1e8vcs8._.js:782
[  316783ms] [LOG] [Fast Refresh] done in 244926ms @ http://localhost:3000/_next/static/chunks/node_modules_next_dist_1e8vcs8._.js:782
[  316845ms] [LOG] [Fast Refresh] done in 244926ms @ http://localhost:3000/_next/static/chunks/node_modules_next_dist_1e8vcs8._.js:782
[  316907ms] [LOG] [Fast Refresh] done in 244926ms @ http://localhost:3000/_next/static/chunks/node_modules_next_dist_1e8vcs8._.js:782
[  316955ms] [LOG] [Fast Refresh] done in 244926ms @ http://localhost:3000/_next/static/chunks/node_modules_next_dist_1e8vcs8._.js:782
[  317016ms] [LOG] [Fast Refresh] done in 244926ms @ http://localhost:3000/_next/static/chunks/node_modules_next_dist_1e8vcs8._.js:782
[  317078ms] [LOG] [Fast Refresh] done in 244926ms @ http://localhost:3000/_next/static/chunks/node_modules_next_dist_1e8vcs8._.js:782
[  317140ms] [LOG] [Fast Refresh] done in 244926ms @ http://localhost:3000/_next/static/chunks/node_modules_next_dist_1e8vcs8._.js:782
[  317202ms] [LOG] [Fast Refresh] done in 244926ms @ http://localhost:3000/_next/static/chunks/node_modules_next_dist_1e8vcs8._.js:782
[  317265ms] [LOG] [Fast Refresh] done in 244926ms @ http://localhost:3000/_next/static/chunks/node_modules_next_dist_1e8vcs8._.js:782
[  317327ms] [LOG] [Fast Refresh] done in 244926ms @ http://localhost:3000/_next/static/chunks/node_modules_next_dist_1e8vcs8._.js:782
[  317389ms] [LOG] [Fast Refresh] done in 244926ms @ http://localhost:3000/_next/static/chunks/node_modules_next_dist_1e8vcs8._.js:782
[  317451ms] [LOG] [Fast Refresh] done in 244926ms @ http://localhost:3000/_next/static/chunks/node_modules_next_dist_1e8vcs8._.js:782
[  317514ms] [LOG] [Fast Refresh] done in 244926ms @ http://localhost:3000/_next/static/chunks/node_modules_next_dist_1e8vcs8._.js:782
[  317576ms] [LOG] [Fast Refresh] done in 244926ms @ http://localhost:3000/_next/static/chunks/node_modules_next_dist_1e8vcs8._.js:782
[  317638ms] [LOG] [Fast Refresh] done in 244926ms @ http://localhost:3000/_next/static/chunks/node_modules_next_dist_1e8vcs8._.js:782
[  317699ms] [LOG] [Fast Refresh] done in 244926ms @ http://localhost:3000/_next/static/chunks/node_modules_next_dist_1e8vcs8._.js:782
[  317760ms] [LOG] [Fast Refresh] done in 244926ms @ http://localhost:3000/_next/static/chunks/node_modules_next_dist_1e8vcs8._.js:782
[  317823ms] [LOG] [Fast Refresh] done in 244926ms @ http://localhost:3000/_next/static/chunks/node_modules_next_dist_1e8vcs8._.js:782
[  317884ms] [LOG] [Fast Refresh] done in 244926ms @ http://localhost:3000/_next/static/chunks/node_modules_next_dist_1e8vcs8._.js:782
[  317946ms] [LOG] [Fast Refresh] done in 244926ms @ http://localhost:3000/_next/static/chunks/node_modules_next_dist_1e8vcs8._.js:782
[  318009ms] [LOG] [Fast Refresh] done in 244926ms @ http://localhost:3000/_next/static/chunks/node_modules_next_dist_1e8vcs8._.js:782
[  318071ms] [LOG] [Fast Refresh] done in 244926ms @ http://localhost:3000/_next/static/chunks/node_modules_next_dist_1e8vcs8._.js:782
[  318133ms] [LOG] [Fast Refresh] done in 244926ms @ http://localhost:3000/_next/static/chunks/node_modules_next_dist_1e8vcs8._.js:782
[  318180ms] [LOG] [Fast Refresh] done in 244926ms @ http://localhost:3000/_next/static/chunks/node_modules_next_dist_1e8vcs8._.js:782
[  318227ms] [LOG] [Fast Refresh] done in 244926ms @ http://localhost:3000/_next/static/chunks/node_modules_next_dist_1e8vcs8._.js:782
[  318289ms] [LOG] [Fast Refresh] done in 244926ms @ http://localhost:3000/_next/static/chunks/node_modules_next_dist_1e8vcs8._.js:782
[  318351ms] [LOG] [Fast Refresh] done in 244926ms @ http://localhost:3000/_next/static/chunks/node_modules_next_dist_1e8vcs8._.js:782
[  318413ms] [LOG] [Fast Refresh] done in 244926ms @ http://localhost:3000/_next/static/chunks/node_modules_next_dist_1e8vcs8._.js:782
[  318475ms] [LOG] [Fast Refresh] done in 244926ms @ http://localhost:3000/_next/static/chunks/node_modules_next_dist_1e8vcs8._.js:782
[  318537ms] [LOG] [Fast Refresh] done in 244926ms @ http://localhost:3000/_next/static/chunks/node_modules_next_dist_1e8vcs8._.js:782
[  318599ms] [LOG] [Fast Refresh] done in 244926ms @ http://localhost:3000/_next/static/chunks/node_modules_next_dist_1e8vcs8._.js:782
[  318662ms] [LOG] [Fast Refresh] done in 244926ms @ http://localhost:3000/_next/static/chunks/node_modules_next_dist_1e8vcs8._.js:782
[  318724ms] [LOG] [Fast Refresh] done in 244926ms @ http://localhost:3000/_next/static/chunks/node_modules_next_dist_1e8vcs8._.js:782
[  318785ms] [LOG] [Fast Refresh] done in 244926ms @ http://localhost:3000/_next/static/chunks/node_modules_next_dist_1e8vcs8._.js:782
[  318848ms] [LOG] [Fast Refresh] done in 244926ms @ http://localhost:3000/_next/static/chunks/node_modules_next_dist_1e8vcs8._.js:782
[  318910ms] [LOG] [Fast Refresh] done in 244926ms @ http://localhost:3000/_next/static/chunks/node_modules_next_dist_1e8vcs8._.js:782
[  318970ms] [LOG] [Fast Refresh] done in 244926ms @ http://localhost:3000/_next/static/chunks/node_modules_next_dist_1e8vcs8._.js:782
[  319033ms] [LOG] [Fast Refresh] done in 244926ms @ http://localhost:3000/_next/static/chunks/node_modules_next_dist_1e8vcs8._.js:782
[  319095ms] [LOG] [Fast Refresh] done in 244926ms @ http://localhost:3000/_next/static/chunks/node_modules_next_dist_1e8vcs8._.js:782
[  319142ms] [LOG] [Fast Refresh] done in 244926ms @ http://localhost:3000/_next/static/chunks/node_modules_next_dist_1e8vcs8._.js:782
[  319189ms] [LOG] [Fast Refresh] done in 244926ms @ http://localhost:3000/_next/static/chunks/node_modules_next_dist_1e8vcs8._.js:782
[  319252ms] [LOG] [Fast Refresh] done in 244926ms @ http://localhost:3000/_next/static/chunks/node_modules_next_dist_1e8vcs8._.js:782
[  319313ms] [LOG] [Fast Refresh] done in 244926ms @ http://localhost:3000/_next/static/chunks/node_modules_next_dist_1e8vcs8._.js:782
[  319376ms] [LOG] [Fast Refresh] done in 244926ms @ http://localhost:3000/_next/static/chunks/node_modules_next_dist_1e8vcs8._.js:782
[  319424ms] [LOG] [Fast Refresh] done in 244926ms @ http://localhost:3000/_next/static/chunks/node_modules_next_dist_1e8vcs8._.js:782
[  319485ms] [LOG] [Fast Refresh] done in 244926ms @ http://localhost:3000/_next/static/chunks/node_modules_next_dist_1e8vcs8._.js:782
[  319532ms] [LOG] [Fast Refresh] done in 244926ms @ http://localhost:3000/_next/static/chunks/node_modules_next_dist_1e8vcs8._.js:782
[  319593ms] [LOG] [Fast Refresh] done in 244926ms @ http://localhost:3000/_next/static/chunks/node_modules_next_dist_1e8vcs8._.js:782
[  319656ms] [LOG] [Fast Refresh] done in 244926ms @ http://localhost:3000/_next/static/chunks/node_modules_next_dist_1e8vcs8._.js:782
[  319718ms] [LOG] [Fast Refresh] done in 244926ms @ http://localhost:3000/_next/static/chunks/node_modules_next_dist_1e8vcs8._.js:782
[  319781ms] [LOG] [Fast Refresh] done in 244926ms @ http://localhost:3000/_next/static/chunks/node_modules_next_dist_1e8vcs8._.js:782
[  319843ms] [LOG] [Fast Refresh] done in 244926ms @ http://localhost:3000/_next/static/chunks/node_modules_next_dist_1e8vcs8._.js:782
[  319890ms] [LOG] [Fast Refresh] done in 244926ms @ http://localhost:3000/_next/static/chunks/node_modules_next_dist_1e8vcs8._.js:782
[  319953ms] [LOG] [Fast Refresh] done in 244926ms @ http://localhost:3000/_next/static/chunks/node_modules_next_dist_1e8vcs8._.js:782
[  320015ms] [LOG] [Fast Refresh] done in 244926ms @ http://localhost:3000/_next/static/chunks/node_modules_next_dist_1e8vcs8._.js:782
[  320077ms] [LOG] [Fast Refresh] done in 244926ms @ http://localhost:3000/_next/static/chunks/node_modules_next_dist_1e8vcs8._.js:782
[  320139ms] [LOG] [Fast Refresh] done in 244926ms @ http://localhost:3000/_next/static/chunks/node_modules_next_dist_1e8vcs8._.js:782
[  320186ms] [LOG] [Fast Refresh] done in 244926ms @ http://localhost:3000/_next/static/chunks/node_modules_next_dist_1e8vcs8._.js:782
[  320248ms] [LOG] [Fast Refresh] done in 244926ms @ http://localhost:3000/_next/static/chunks/node_modules_next_dist_1e8vcs8._.js:782
[  320310ms] [LOG] [Fast Refresh] done in 244926ms @ http://localhost:3000/_next/static/chunks/node_modules_next_dist_1e8vcs8._.js:782
[  320373ms] [LOG] [Fast Refresh] done in 244926ms @ http://localhost:3000/_next/static/chunks/node_modules_next_dist_1e8vcs8._.js:782
[  320436ms] [LOG] [Fast Refresh] done in 244926ms @ http://localhost:3000/_next/static/chunks/node_modules_next_dist_1e8vcs8._.js:782
[  320498ms] [LOG] [Fast Refresh] done in 244926ms @ http://localhost:3000/_next/static/chunks/node_modules_next_dist_1e8vcs8._.js:782
[  320546ms] [LOG] [Fast Refresh] done in 244926ms @ http://localhost:3000/_next/static/chunks/node_modules_next_dist_1e8vcs8._.js:782
[  320608ms] [LOG] [Fast Refresh] done in 244926ms @ http://localhost:3000/_next/static/chunks/node_modules_next_dist_1e8vcs8._.js:782
[  320671ms] [LOG] [Fast Refresh] done in 244926ms @ http://localhost:3000/_next/static/chunks/node_modules_next_dist_1e8vcs8._.js:782
[  320734ms] [LOG] [Fast Refresh] done in 244926ms @ http://localhost:3000/_next/static/chunks/node_modules_next_dist_1e8vcs8._.js:782
[  320794ms] [LOG] [Fast Refresh] done in 244926ms @ http://localhost:3000/_next/static/chunks/node_modules_next_dist_1e8vcs8._.js:782
[  320857ms] [LOG] [Fast Refresh] done in 244926ms @ http://localhost:3000/_next/static/chunks/node_modules_next_dist_1e8vcs8._.js:782
[  320919ms] [LOG] [Fast Refresh] done in 244926ms @ http://localhost:3000/_next/static/chunks/node_modules_next_dist_1e8vcs8._.js:782
[  320981ms] [LOG] [Fast Refresh] done in 244926ms @ http://localhost:3000/_next/static/chunks/node_modules_next_dist_1e8vcs8._.js:782
[  321028ms] [LOG] [Fast Refresh] done in 244926ms @ http://localhost:3000/_next/static/chunks/node_modules_next_dist_1e8vcs8._.js:782
[  321090ms] [LOG] [Fast Refresh] done in 244926ms @ http://localhost:3000/_next/static/chunks/node_modules_next_dist_1e8vcs8._.js:782
[  321152ms] [LOG] [Fast Refresh] done in 244926ms @ http://localhost:3000/_next/static/chunks/node_modules_next_dist_1e8vcs8._.js:782
[  321215ms] [LOG] [Fast Refresh] done in 244926ms @ http://localhost:3000/_next/static/chunks/node_modules_next_dist_1e8vcs8._.js:782
[  321277ms] [LOG] [Fast Refresh] done in 244926ms @ http://localhost:3000/_next/static/chunks/node_modules_next_dist_1e8vcs8._.js:782
[  321325ms] [LOG] [Fast Refresh] done in 244926ms @ http://localhost:3000/_next/static/chunks/node_modules_next_dist_1e8vcs8._.js:782
[  321387ms] [LOG] [Fast Refresh] done in 244926ms @ http://localhost:3000/_next/static/chunks/node_modules_next_dist_1e8vcs8._.js:782
[  321449ms] [LOG] [Fast Refresh] done in 244926ms @ http://localhost:3000/_next/static/chunks/node_modules_next_dist_1e8vcs8._.js:782
[  321497ms] [LOG] [Fast Refresh] done in 244926ms @ http://localhost:3000/_next/static/chunks/node_modules_next_dist_1e8vcs8._.js:782
[  321559ms] [LOG] [Fast Refresh] done in 244926ms @ http://localhost:3000/_next/static/chunks/node_modules_next_dist_1e8vcs8._.js:782
[  321622ms] [LOG] [Fast Refresh] done in 244926ms @ http://localhost:3000/_next/static/chunks/node_modules_next_dist_1e8vcs8._.js:782
[  321683ms] [LOG] [Fast Refresh] done in 244926ms @ http://localhost:3000/_next/static/chunks/node_modules_next_dist_1e8vcs8._.js:782
[  321747ms] [LOG] [Fast Refresh] done in 244926ms @ http://localhost:3000/_next/static/chunks/node_modules_next_dist_1e8vcs8._.js:782
[  321795ms] [LOG] [Fast Refresh] done in 244926ms @ http://localhost:3000/_next/static/chunks/node_modules_next_dist_1e8vcs8._.js:782
[  321857ms] [LOG] [Fast Refresh] done in 244926ms @ http://localhost:3000/_next/static/chunks/node_modules_next_dist_1e8vcs8._.js:782
[  321919ms] [LOG] [Fast Refresh] done in 244926ms @ http://localhost:3000/_next/static/chunks/node_modules_next_dist_1e8vcs8._.js:782
[  321981ms] [LOG] [Fast Refresh] done in 244926ms @ http://localhost:3000/_next/static/chunks/node_modules_next_dist_1e8vcs8._.js:782
[  322044ms] [LOG] [Fast Refresh] done in 244926ms @ http://localhost:3000/_next/static/chunks/node_modules_next_dist_1e8vcs8._.js:782
[  322092ms] [LOG] [Fast Refresh] done in 244926ms @ http://localhost:3000/_next/static/chunks/node_modules_next_dist_1e8vcs8._.js:782
[  322154ms] [LOG] [Fast Refresh] done in 244926ms @ http://localhost:3000/_next/static/chunks/node_modules_next_dist_1e8vcs8._.js:782
[  322202ms] [LOG] [Fast Refresh] done in 244926ms @ http://localhost:3000/_next/static/chunks/node_modules_next_dist_1e8vcs8._.js:782
[  322264ms] [LOG] [Fast Refresh] done in 244926ms @ http://localhost:3000/_next/static/chunks/node_modules_next_dist_1e8vcs8._.js:782
[  322312ms] [LOG] [Fast Refresh] done in 244926ms @ http://localhost:3000/_next/static/chunks/node_modules_next_dist_1e8vcs8._.js:782
[  322374ms] [LOG] [Fast Refresh] done in 244926ms @ http://localhost:3000/_next/static/chunks/node_modules_next_dist_1e8vcs8._.js:782
[  322435ms] [LOG] [Fast Refresh] done in 244926ms @ http://localhost:3000/_next/static/chunks/node_modules_next_dist_1e8vcs8._.js:782
[  322483ms] [LOG] [Fast Refresh] done in 244926ms @ http://localhost:3000/_next/static/chunks/node_modules_next_dist_1e8vcs8._.js:782
[  322545ms] [LOG] [Fast Refresh] done in 244926ms @ http://localhost:3000/_next/static/chunks/node_modules_next_dist_1e8vcs8._.js:782
[  322607ms] [LOG] [Fast Refresh] done in 244926ms @ http://localhost:3000/_next/static/chunks/node_modules_next_dist_1e8vcs8._.js:782
[  322654ms] [LOG] [Fast Refresh] done in 244926ms @ http://localhost:3000/_next/static/chunks/node_modules_next_dist_1e8vcs8._.js:782
[  322716ms] [LOG] [Fast Refresh] done in 244926ms @ http://localhost:3000/_next/static/chunks/node_modules_next_dist_1e8vcs8._.js:782
[  322778ms] [LOG] [Fast Refresh] done in 244926ms @ http://localhost:3000/_next/static/chunks/node_modules_next_dist_1e8vcs8._.js:782
[  322841ms] [LOG] [Fast Refresh] done in 244926ms @ http://localhost:3000/_next/static/chunks/node_modules_next_dist_1e8vcs8._.js:782
[  322902ms] [LOG] [Fast Refresh] done in 244926ms @ http://localhost:3000/_next/static/chunks/node_modules_next_dist_1e8vcs8._.js:782
[  322964ms] [LOG] [Fast Refresh] done in 244926ms @ http://localhost:3000/_next/static/chunks/node_modules_next_dist_1e8vcs8._.js:782
[  323026ms] [LOG] [Fast Refresh] done in 244926ms @ http://localhost:3000/_next/static/chunks/node_modules_next_dist_1e8vcs8._.js:782
[  323089ms] [LOG] [Fast Refresh] done in 244926ms @ http://localhost:3000/_next/static/chunks/node_modules_next_dist_1e8vcs8._.js:782
[  323151ms] [LOG] [Fast Refresh] done in 244926ms @ http://localhost:3000/_next/static/chunks/node_modules_next_dist_1e8vcs8._.js:782
[  323213ms] [LOG] [Fast Refresh] done in 244926ms @ http://localhost:3000/_next/static/chunks/node_modules_next_dist_1e8vcs8._.js:782
[  323275ms] [LOG] [Fast Refresh] done in 244926ms @ http://localhost:3000/_next/static/chunks/node_modules_next_dist_1e8vcs8._.js:782
[  323338ms] [LOG] [Fast Refresh] done in 244926ms @ http://localhost:3000/_next/static/chunks/node_modules_next_dist_1e8vcs8._.js:782
[  323400ms] [LOG] [Fast Refresh] done in 244926ms @ http://localhost:3000/_next/static/chunks/node_modules_next_dist_1e8vcs8._.js:782
[  323462ms] [LOG] [Fast Refresh] done in 244926ms @ http://localhost:3000/_next/static/chunks/node_modules_next_dist_1e8vcs8._.js:782
[  323524ms] [LOG] [Fast Refresh] done in 244926ms @ http://localhost:3000/_next/static/chunks/node_modules_next_dist_1e8vcs8._.js:782
[  323572ms] [LOG] [Fast Refresh] done in 244926ms @ http://localhost:3000/_next/static/chunks/node_modules_next_dist_1e8vcs8._.js:782
[  323635ms] [LOG] [Fast Refresh] done in 244926ms @ http://localhost:3000/_next/static/chunks/node_modules_next_dist_1e8vcs8._.js:782
[  323697ms] [LOG] [Fast Refresh] done in 244926ms @ http://localhost:3000/_next/static/chunks/node_modules_next_dist_1e8vcs8._.js:782
[  323744ms] [LOG] [Fast Refresh] done in 244926ms @ http://localhost:3000/_next/static/chunks/node_modules_next_dist_1e8vcs8._.js:782
[  323791ms] [LOG] [Fast Refresh] done in 244926ms @ http://localhost:3000/_next/static/chunks/node_modules_next_dist_1e8vcs8._.js:782
[  323853ms] [LOG] [Fast Refresh] done in 244926ms @ http://localhost:3000/_next/static/chunks/node_modules_next_dist_1e8vcs8._.js:782
[  323914ms] [LOG] [Fast Refresh] done in 244926ms @ http://localhost:3000/_next/static/chunks/node_modules_next_dist_1e8vcs8._.js:782
[  323977ms] [LOG] [Fast Refresh] done in 244926ms @ http://localhost:3000/_next/static/chunks/node_modules_next_dist_1e8vcs8._.js:782
[  324040ms] [LOG] [Fast Refresh] done in 244926ms @ http://localhost:3000/_next/static/chunks/node_modules_next_dist_1e8vcs8._.js:782
[  324101ms] [LOG] [Fast Refresh] done in 244926ms @ http://localhost:3000/_next/static/chunks/node_modules_next_dist_1e8vcs8._.js:782
[  324164ms] [LOG] [Fast Refresh] done in 244926ms @ http://localhost:3000/_next/static/chunks/node_modules_next_dist_1e8vcs8._.js:782
[  324211ms] [LOG] [Fast Refresh] done in 244926ms @ http://localhost:3000/_next/static/chunks/node_modules_next_dist_1e8vcs8._.js:782
[  324273ms] [LOG] [Fast Refresh] done in 244926ms @ http://localhost:3000/_next/static/chunks/node_modules_next_dist_1e8vcs8._.js:782
[  324335ms] [LOG] [Fast Refresh] done in 244926ms @ http://localhost:3000/_next/static/chunks/node_modules_next_dist_1e8vcs8._.js:782
[  324398ms] [LOG] [Fast Refresh] done in 244926ms @ http://localhost:3000/_next/static/chunks/node_modules_next_dist_1e8vcs8._.js:782
[  324460ms] [LOG] [Fast Refresh] done in 244926ms @ http://localhost:3000/_next/static/chunks/node_modules_next_dist_1e8vcs8._.js:782
[  324522ms] [LOG] [Fast Refresh] done in 244926ms @ http://localhost:3000/_next/static/chunks/node_modules_next_dist_1e8vcs8._.js:782
[  324584ms] [LOG] [Fast Refresh] done in 244926ms @ http://localhost:3000/_next/static/chunks/node_modules_next_dist_1e8vcs8._.js:782
[  324633ms] [LOG] [Fast Refresh] done in 244926ms @ http://localhost:3000/_next/static/chunks/node_modules_next_dist_1e8vcs8._.js:782
[  324694ms] [LOG] [Fast Refresh] done in 244926ms @ http://localhost:3000/_next/static/chunks/node_modules_next_dist_1e8vcs8._.js:782
[  324757ms] [LOG] [Fast Refresh] done in 244926ms @ http://localhost:3000/_next/static/chunks/node_modules_next_dist_1e8vcs8._.js:782
[  324820ms] [LOG] [Fast Refresh] done in 244926ms @ http://localhost:3000/_next/static/chunks/node_modules_next_dist_1e8vcs8._.js:782
[  324883ms] [LOG] [Fast Refresh] done in 244926ms @ http://localhost:3000/_next/static/chunks/node_modules_next_dist_1e8vcs8._.js:782
[  324945ms] [LOG] [Fast Refresh] done in 244926ms @ http://localhost:3000/_next/static/chunks/node_modules_next_dist_1e8vcs8._.js:782
[  325008ms] [LOG] [Fast Refresh] done in 244926ms @ http://localhost:3000/_next/static/chunks/node_modules_next_dist_1e8vcs8._.js:782
[  325055ms] [LOG] [Fast Refresh] done in 244926ms @ http://localhost:3000/_next/static/chunks/node_modules_next_dist_1e8vcs8._.js:782
[  325117ms] [LOG] [Fast Refresh] done in 244926ms @ http://localhost:3000/_next/static/chunks/node_modules_next_dist_1e8vcs8._.js:782
[  325179ms] [LOG] [Fast Refresh] done in 244926ms @ http://localhost:3000/_next/static/chunks/node_modules_next_dist_1e8vcs8._.js:782
[  325226ms] [LOG] [Fast Refresh] done in 244926ms @ http://localhost:3000/_next/static/chunks/node_modules_next_dist_1e8vcs8._.js:782
[  325288ms] [LOG] [Fast Refresh] done in 244926ms @ http://localhost:3000/_next/static/chunks/node_modules_next_dist_1e8vcs8._.js:782
[  325349ms] [LOG] [Fast Refresh] done in 244926ms @ http://localhost:3000/_next/static/chunks/node_modules_next_dist_1e8vcs8._.js:782
[  325412ms] [LOG] [Fast Refresh] done in 244926ms @ http://localhost:3000/_next/static/chunks/node_modules_next_dist_1e8vcs8._.js:782
[  325474ms] [LOG] [Fast Refresh] done in 244926ms @ http://localhost:3000/_next/static/chunks/node_modules_next_dist_1e8vcs8._.js:782
[  325536ms] [LOG] [Fast Refresh] done in 244926ms @ http://localhost:3000/_next/static/chunks/node_modules_next_dist_1e8vcs8._.js:782
[  325598ms] [LOG] [Fast Refresh] done in 244926ms @ http://localhost:3000/_next/static/chunks/node_modules_next_dist_1e8vcs8._.js:782
[  325661ms] [LOG] [Fast Refresh] done in 244926ms @ http://localhost:3000/_next/static/chunks/node_modules_next_dist_1e8vcs8._.js:782
[  325724ms] [LOG] [Fast Refresh] done in 244926ms @ http://localhost:3000/_next/static/chunks/node_modules_next_dist_1e8vcs8._.js:782
[  325771ms] [LOG] [Fast Refresh] done in 244926ms @ http://localhost:3000/_next/static/chunks/node_modules_next_dist_1e8vcs8._.js:782
[  325834ms] [LOG] [Fast Refresh] done in 244926ms @ http://localhost:3000/_next/static/chunks/node_modules_next_dist_1e8vcs8._.js:782
[  325897ms] [LOG] [Fast Refresh] done in 244926ms @ http://localhost:3000/_next/static/chunks/node_modules_next_dist_1e8vcs8._.js:782
[  325960ms] [LOG] [Fast Refresh] done in 244926ms @ http://localhost:3000/_next/static/chunks/node_modules_next_dist_1e8vcs8._.js:782
[  326023ms] [LOG] [Fast Refresh] done in 244926ms @ http://localhost:3000/_next/static/chunks/node_modules_next_dist_1e8vcs8._.js:782
[  326086ms] [LOG] [Fast Refresh] done in 244926ms @ http://localhost:3000/_next/static/chunks/node_modules_next_dist_1e8vcs8._.js:782
[  326148ms] [LOG] [Fast Refresh] done in 244926ms @ http://localhost:3000/_next/static/chunks/node_modules_next_dist_1e8vcs8._.js:782
[  326195ms] [LOG] [Fast Refresh] done in 244926ms @ http://localhost:3000/_next/static/chunks/node_modules_next_dist_1e8vcs8._.js:782
[  326242ms] [LOG] [Fast Refresh] done in 244926ms @ http://localhost:3000/_next/static/chunks/node_modules_next_dist_1e8vcs8._.js:782
[  326304ms] [LOG] [Fast Refresh] done in 244926ms @ http://localhost:3000/_next/static/chunks/node_modules_next_dist_1e8vcs8._.js:782
[  326366ms] [LOG] [Fast Refresh] done in 244926ms @ http://localhost:3000/_next/static/chunks/node_modules_next_dist_1e8vcs8._.js:782
[  326413ms] [LOG] [Fast Refresh] done in 244926ms @ http://localhost:3000/_next/static/chunks/node_modules_next_dist_1e8vcs8._.js:782
[  326476ms] [LOG] [Fast Refresh] done in 244926ms @ http://localhost:3000/_next/static/chunks/node_modules_next_dist_1e8vcs8._.js:782
[  326537ms] [LOG] [Fast Refresh] done in 244926ms @ http://localhost:3000/_next/static/chunks/node_modules_next_dist_1e8vcs8._.js:782
[  326599ms] [LOG] [Fast Refresh] done in 244926ms @ http://localhost:3000/_next/static/chunks/node_modules_next_dist_1e8vcs8._.js:782
[  326660ms] [LOG] [Fast Refresh] done in 244926ms @ http://localhost:3000/_next/static/chunks/node_modules_next_dist_1e8vcs8._.js:782
[  326721ms] [LOG] [Fast Refresh] done in 244926ms @ http://localhost:3000/_next/static/chunks/node_modules_next_dist_1e8vcs8._.js:782
[  326784ms] [LOG] [Fast Refresh] done in 244926ms @ http://localhost:3000/_next/static/chunks/node_modules_next_dist_1e8vcs8._.js:782
[  326846ms] [LOG] [Fast Refresh] done in 244926ms @ http://localhost:3000/_next/static/chunks/node_modules_next_dist_1e8vcs8._.js:782
[  326909ms] [LOG] [Fast Refresh] done in 244926ms @ http://localhost:3000/_next/static/chunks/node_modules_next_dist_1e8vcs8._.js:782
[  326972ms] [LOG] [Fast Refresh] done in 244926ms @ http://localhost:3000/_next/static/chunks/node_modules_next_dist_1e8vcs8._.js:782
[  327033ms] [LOG] [Fast Refresh] done in 244926ms @ http://localhost:3000/_next/static/chunks/node_modules_next_dist_1e8vcs8._.js:782
[  327094ms] [LOG] [Fast Refresh] done in 244926ms @ http://localhost:3000/_next/static/chunks/node_modules_next_dist_1e8vcs8._.js:782
[  327156ms] [LOG] [Fast Refresh] done in 244926ms @ http://localhost:3000/_next/static/chunks/node_modules_next_dist_1e8vcs8._.js:782
[  327204ms] [LOG] [Fast Refresh] done in 244926ms @ http://localhost:3000/_next/static/chunks/node_modules_next_dist_1e8vcs8._.js:782
[  327265ms] [LOG] [Fast Refresh] done in 244926ms @ http://localhost:3000/_next/static/chunks/node_modules_next_dist_1e8vcs8._.js:782
[  327329ms] [LOG] [Fast Refresh] done in 244926ms @ http://localhost:3000/_next/static/chunks/node_modules_next_dist_1e8vcs8._.js:782
[  327391ms] [LOG] [Fast Refresh] done in 244926ms @ http://localhost:3000/_next/static/chunks/node_modules_next_dist_1e8vcs8._.js:782
[  327453ms] [LOG] [Fast Refresh] done in 244926ms @ http://localhost:3000/_next/static/chunks/node_modules_next_dist_1e8vcs8._.js:782
[  327501ms] [LOG] [Fast Refresh] done in 244926ms @ http://localhost:3000/_next/static/chunks/node_modules_next_dist_1e8vcs8._.js:782
[  327548ms] [LOG] [Fast Refresh] done in 244926ms @ http://localhost:3000/_next/static/chunks/node_modules_next_dist_1e8vcs8._.js:782
[  327595ms] [LOG] [Fast Refresh] done in 244926ms @ http://localhost:3000/_next/static/chunks/node_modules_next_dist_1e8vcs8._.js:782
[  327657ms] [LOG] [Fast Refresh] done in 244926ms @ http://localhost:3000/_next/static/chunks/node_modules_next_dist_1e8vcs8._.js:782
[  327719ms] [LOG] [Fast Refresh] done in 244926ms @ http://localhost:3000/_next/static/chunks/node_modules_next_dist_1e8vcs8._.js:782
[  327781ms] [LOG] [Fast Refresh] done in 244926ms @ http://localhost:3000/_next/static/chunks/node_modules_next_dist_1e8vcs8._.js:782
[  327828ms] [LOG] [Fast Refresh] done in 244926ms @ http://localhost:3000/_next/static/chunks/node_modules_next_dist_1e8vcs8._.js:782
[  327891ms] [LOG] [Fast Refresh] done in 244926ms @ http://localhost:3000/_next/static/chunks/node_modules_next_dist_1e8vcs8._.js:782
[  327953ms] [LOG] [Fast Refresh] done in 244926ms @ http://localhost:3000/_next/static/chunks/node_modules_next_dist_1e8vcs8._.js:782
[  327999ms] [LOG] [Fast Refresh] done in 244926ms @ http://localhost:3000/_next/static/chunks/node_modules_next_dist_1e8vcs8._.js:782
[  328061ms] [LOG] [Fast Refresh] done in 244926ms @ http://localhost:3000/_next/static/chunks/node_modules_next_dist_1e8vcs8._.js:782
[  328124ms] [LOG] [Fast Refresh] done in 244926ms @ http://localhost:3000/_next/static/chunks/node_modules_next_dist_1e8vcs8._.js:782
[  328186ms] [LOG] [Fast Refresh] done in 244926ms @ http://localhost:3000/_next/static/chunks/node_modules_next_dist_1e8vcs8._.js:782
[  328233ms] [LOG] [Fast Refresh] done in 244926ms @ http://localhost:3000/_next/static/chunks/node_modules_next_dist_1e8vcs8._.js:782
[  328296ms] [LOG] [Fast Refresh] done in 244926ms @ http://localhost:3000/_next/static/chunks/node_modules_next_dist_1e8vcs8._.js:782
[  328357ms] [LOG] [Fast Refresh] done in 244926ms @ http://localhost:3000/_next/static/chunks/node_modules_next_dist_1e8vcs8._.js:782
[  328405ms] [LOG] [Fast Refresh] done in 244926ms @ http://localhost:3000/_next/static/chunks/node_modules_next_dist_1e8vcs8._.js:782
[  328453ms] [LOG] [Fast Refresh] done in 244926ms @ http://localhost:3000/_next/static/chunks/node_modules_next_dist_1e8vcs8._.js:782
[  328516ms] [LOG] [Fast Refresh] done in 244926ms @ http://localhost:3000/_next/static/chunks/node_modules_next_dist_1e8vcs8._.js:782
[  328580ms] [LOG] [Fast Refresh] done in 244926ms @ http://localhost:3000/_next/static/chunks/node_modules_next_dist_1e8vcs8._.js:782
[  328628ms] [LOG] [Fast Refresh] done in 244926ms @ http://localhost:3000/_next/static/chunks/node_modules_next_dist_1e8vcs8._.js:782
[  328676ms] [LOG] [Fast Refresh] done in 244926ms @ http://localhost:3000/_next/static/chunks/node_modules_next_dist_1e8vcs8._.js:782
[  328739ms] [LOG] [Fast Refresh] done in 244926ms @ http://localhost:3000/_next/static/chunks/node_modules_next_dist_1e8vcs8._.js:782
[  328803ms] [LOG] [Fast Refresh] done in 244926ms @ http://localhost:3000/_next/static/chunks/node_modules_next_dist_1e8vcs8._.js:782
[  328850ms] [LOG] [Fast Refresh] done in 244926ms @ http://localhost:3000/_next/static/chunks/node_modules_next_dist_1e8vcs8._.js:782
[  328913ms] [LOG] [Fast Refresh] done in 244926ms @ http://localhost:3000/_next/static/chunks/node_modules_next_dist_1e8vcs8._.js:782
[  328960ms] [LOG] [Fast Refresh] done in 244926ms @ http://localhost:3000/_next/static/chunks/node_modules_next_dist_1e8vcs8._.js:782
[  329022ms] [LOG] [Fast Refresh] done in 244926ms @ http://localhost:3000/_next/static/chunks/node_modules_next_dist_1e8vcs8._.js:782
[  329069ms] [LOG] [Fast Refresh] done in 244926ms @ http://localhost:3000/_next/static/chunks/node_modules_next_dist_1e8vcs8._.js:782
[  329116ms] [LOG] [Fast Refresh] done in 244926ms @ http://localhost:3000/_next/static/chunks/node_modules_next_dist_1e8vcs8._.js:782
[  329178ms] [LOG] [Fast Refresh] done in 244926ms @ http://localhost:3000/_next/static/chunks/node_modules_next_dist_1e8vcs8._.js:782
[  329242ms] [LOG] [Fast Refresh] done in 244926ms @ http://localhost:3000/_next/static/chunks/node_modules_next_dist_1e8vcs8._.js:782
[  329304ms] [LOG] [Fast Refresh] done in 244926ms @ http://localhost:3000/_next/static/chunks/node_modules_next_dist_1e8vcs8._.js:782
[  329365ms] [LOG] [Fast Refresh] done in 244926ms @ http://localhost:3000/_next/static/chunks/node_modules_next_dist_1e8vcs8._.js:782
[  329412ms] [LOG] [Fast Refresh] done in 244926ms @ http://localhost:3000/_next/static/chunks/node_modules_next_dist_1e8vcs8._.js:782
[  329475ms] [LOG] [Fast Refresh] done in 244926ms @ http://localhost:3000/_next/static/chunks/node_modules_next_dist_1e8vcs8._.js:782
[  329536ms] [LOG] [Fast Refresh] done in 244926ms @ http://localhost:3000/_next/static/chunks/node_modules_next_dist_1e8vcs8._.js:782
[  329583ms] [LOG] [Fast Refresh] done in 244926ms @ http://localhost:3000/_next/static/chunks/node_modules_next_dist_1e8vcs8._.js:782
[  329630ms] [LOG] [Fast Refresh] done in 244926ms @ http://localhost:3000/_next/static/chunks/node_modules_next_dist_1e8vcs8._.js:782
[  329692ms] [LOG] [Fast Refresh] done in 244926ms @ http://localhost:3000/_next/static/chunks/node_modules_next_dist_1e8vcs8._.js:782
[  329756ms] [LOG] [Fast Refresh] done in 244926ms @ http://localhost:3000/_next/static/chunks/node_modules_next_dist_1e8vcs8._.js:782
[  329820ms] [LOG] [Fast Refresh] done in 244926ms @ http://localhost:3000/_next/static/chunks/node_modules_next_dist_1e8vcs8._.js:782
[  329881ms] [LOG] [Fast Refresh] done in 244926ms @ http://localhost:3000/_next/static/chunks/node_modules_next_dist_1e8vcs8._.js:782
[  329943ms] [LOG] [Fast Refresh] done in 244926ms @ http://localhost:3000/_next/static/chunks/node_modules_next_dist_1e8vcs8._.js:782
[  330005ms] [LOG] [Fast Refresh] done in 244926ms @ http://localhost:3000/_next/static/chunks/node_modules_next_dist_1e8vcs8._.js:782
[  330052ms] [LOG] [Fast Refresh] done in 244926ms @ http://localhost:3000/_next/static/chunks/node_modules_next_dist_1e8vcs8._.js:782
[  330116ms] [LOG] [Fast Refresh] done in 244926ms @ http://localhost:3000/_next/static/chunks/node_modules_next_dist_1e8vcs8._.js:782
[  330163ms] [LOG] [Fast Refresh] done in 244926ms @ http://localhost:3000/_next/static/chunks/node_modules_next_dist_1e8vcs8._.js:782
[  330226ms] [LOG] [Fast Refresh] done in 244926ms @ http://localhost:3000/_next/static/chunks/node_modules_next_dist_1e8vcs8._.js:782
[  330287ms] [LOG] [Fast Refresh] done in 244926ms @ http://localhost:3000/_next/static/chunks/node_modules_next_dist_1e8vcs8._.js:782
[  330334ms] [LOG] [Fast Refresh] done in 244926ms @ http://localhost:3000/_next/static/chunks/node_modules_next_dist_1e8vcs8._.js:782
[  330397ms] [LOG] [Fast Refresh] done in 244926ms @ http://localhost:3000/_next/static/chunks/node_modules_next_dist_1e8vcs8._.js:782
[  330458ms] [LOG] [Fast Refresh] done in 244926ms @ http://localhost:3000/_next/static/chunks/node_modules_next_dist_1e8vcs8._.js:782
[  330519ms] [LOG] [Fast Refresh] done in 244926ms @ http://localhost:3000/_next/static/chunks/node_modules_next_dist_1e8vcs8._.js:782
[  330567ms] [LOG] [Fast Refresh] done in 244926ms @ http://localhost:3000/_next/static/chunks/node_modules_next_dist_1e8vcs8._.js:782
[  330631ms] [LOG] [Fast Refresh] done in 244926ms @ http://localhost:3000/_next/static/chunks/node_modules_next_dist_1e8vcs8._.js:782
[  330693ms] [LOG] [Fast Refresh] done in 244926ms @ http://localhost:3000/_next/static/chunks/node_modules_next_dist_1e8vcs8._.js:782
[  330757ms] [LOG] [Fast Refresh] done in 244926ms @ http://localhost:3000/_next/static/chunks/node_modules_next_dist_1e8vcs8._.js:782
[  330819ms] [LOG] [Fast Refresh] done in 244926ms @ http://localhost:3000/_next/static/chunks/node_modules_next_dist_1e8vcs8._.js:782
[  330866ms] [LOG] [Fast Refresh] done in 244926ms @ http://localhost:3000/_next/static/chunks/node_modules_next_dist_1e8vcs8._.js:782
[  330929ms] [LOG] [Fast Refresh] done in 244926ms @ http://localhost:3000/_next/static/chunks/node_modules_next_dist_1e8vcs8._.js:782
[  330976ms] [LOG] [Fast Refresh] done in 244926ms @ http://localhost:3000/_next/static/chunks/node_modules_next_dist_1e8vcs8._.js:782
[  331040ms] [LOG] [Fast Refresh] done in 244926ms @ http://localhost:3000/_next/static/chunks/node_modules_next_dist_1e8vcs8._.js:782
[  331087ms] [LOG] [Fast Refresh] done in 244926ms @ http://localhost:3000/_next/static/chunks/node_modules_next_dist_1e8vcs8._.js:782
[  331134ms] [LOG] [Fast Refresh] done in 244926ms @ http://localhost:3000/_next/static/chunks/node_modules_next_dist_1e8vcs8._.js:782
[  331196ms] [LOG] [Fast Refresh] done in 244926ms @ http://localhost:3000/_next/static/chunks/node_modules_next_dist_1e8vcs8._.js:782
[  331243ms] [LOG] [Fast Refresh] done in 244926ms @ http://localhost:3000/_next/static/chunks/node_modules_next_dist_1e8vcs8._.js:782
[  331305ms] [LOG] [Fast Refresh] done in 244926ms @ http://localhost:3000/_next/static/chunks/node_modules_next_dist_1e8vcs8._.js:782
[  331368ms] [LOG] [Fast Refresh] done in 244926ms @ http://localhost:3000/_next/static/chunks/node_modules_next_dist_1e8vcs8._.js:782
[  331414ms] [LOG] [Fast Refresh] done in 244926ms @ http://localhost:3000/_next/static/chunks/node_modules_next_dist_1e8vcs8._.js:782
[  331475ms] [LOG] [Fast Refresh] done in 244926ms @ http://localhost:3000/_next/static/chunks/node_modules_next_dist_1e8vcs8._.js:782
[  331537ms] [LOG] [Fast Refresh] done in 244926ms @ http://localhost:3000/_next/static/chunks/node_modules_next_dist_1e8vcs8._.js:782
[  331599ms] [LOG] [Fast Refresh] done in 244926ms @ http://localhost:3000/_next/static/chunks/node_modules_next_dist_1e8vcs8._.js:782
[  331661ms] [LOG] [Fast Refresh] done in 244926ms @ http://localhost:3000/_next/static/chunks/node_modules_next_dist_1e8vcs8._.js:782
[  331708ms] [LOG] [Fast Refresh] done in 244926ms @ http://localhost:3000/_next/static/chunks/node_modules_next_dist_1e8vcs8._.js:782
[  331771ms] [LOG] [Fast Refresh] done in 244926ms @ http://localhost:3000/_next/static/chunks/node_modules_next_dist_1e8vcs8._.js:782
[  331833ms] [LOG] [Fast Refresh] done in 244926ms @ http://localhost:3000/_next/static/chunks/node_modules_next_dist_1e8vcs8._.js:782
[  331894ms] [LOG] [Fast Refresh] done in 244926ms @ http://localhost:3000/_next/static/chunks/node_modules_next_dist_1e8vcs8._.js:782
[  331956ms] [LOG] [Fast Refresh] done in 244926ms @ http://localhost:3000/_next/static/chunks/node_modules_next_dist_1e8vcs8._.js:782
[  332004ms] [LOG] [Fast Refresh] done in 244926ms @ http://localhost:3000/_next/static/chunks/node_modules_next_dist_1e8vcs8._.js:782
[  332066ms] [LOG] [Fast Refresh] done in 244926ms @ http://localhost:3000/_next/static/chunks/node_modules_next_dist_1e8vcs8._.js:782
[  332129ms] [LOG] [Fast Refresh] done in 244926ms @ http://localhost:3000/_next/static/chunks/node_modules_next_dist_1e8vcs8._.js:782
[  332176ms] [LOG] [Fast Refresh] done in 244926ms @ http://localhost:3000/_next/static/chunks/node_modules_next_dist_1e8vcs8._.js:782
[  332224ms] [LOG] [Fast Refresh] done in 244926ms @ http://localhost:3000/_next/static/chunks/node_modules_next_dist_1e8vcs8._.js:782
[  332286ms] [LOG] [Fast Refresh] done in 244926ms @ http://localhost:3000/_next/static/chunks/node_modules_next_dist_1e8vcs8._.js:782
[  332349ms] [LOG] [Fast Refresh] done in 244926ms @ http://localhost:3000/_next/static/chunks/node_modules_next_dist_1e8vcs8._.js:782
[  332410ms] [LOG] [Fast Refresh] done in 244926ms @ http://localhost:3000/_next/static/chunks/node_modules_next_dist_1e8vcs8._.js:782
[  332458ms] [LOG] [Fast Refresh] done in 244926ms @ http://localhost:3000/_next/static/chunks/node_modules_next_dist_1e8vcs8._.js:782
[  332518ms] [LOG] [Fast Refresh] done in 244926ms @ http://localhost:3000/_next/static/chunks/node_modules_next_dist_1e8vcs8._.js:782
[  332582ms] [LOG] [Fast Refresh] done in 244926ms @ http://localhost:3000/_next/static/chunks/node_modules_next_dist_1e8vcs8._.js:782
[  332629ms] [LOG] [Fast Refresh] done in 244926ms @ http://localhost:3000/_next/static/chunks/node_modules_next_dist_1e8vcs8._.js:782
[  332691ms] [LOG] [Fast Refresh] done in 244926ms @ http://localhost:3000/_next/static/chunks/node_modules_next_dist_1e8vcs8._.js:782
[  332738ms] [LOG] [Fast Refresh] done in 244926ms @ http://localhost:3000/_next/static/chunks/node_modules_next_dist_1e8vcs8._.js:782
[  332801ms] [LOG] [Fast Refresh] done in 244926ms @ http://localhost:3000/_next/static/chunks/node_modules_next_dist_1e8vcs8._.js:782
[  332864ms] [LOG] [Fast Refresh] done in 244926ms @ http://localhost:3000/_next/static/chunks/node_modules_next_dist_1e8vcs8._.js:782
[  332926ms] [LOG] [Fast Refresh] done in 244926ms @ http://localhost:3000/_next/static/chunks/node_modules_next_dist_1e8vcs8._.js:782
[  332988ms] [LOG] [Fast Refresh] done in 244926ms @ http://localhost:3000/_next/static/chunks/node_modules_next_dist_1e8vcs8._.js:782
[  333050ms] [LOG] [Fast Refresh] done in 244926ms @ http://localhost:3000/_next/static/chunks/node_modules_next_dist_1e8vcs8._.js:782
[  333113ms] [LOG] [Fast Refresh] done in 244926ms @ http://localhost:3000/_next/static/chunks/node_modules_next_dist_1e8vcs8._.js:782
[  333160ms] [LOG] [Fast Refresh] done in 244926ms @ http://localhost:3000/_next/static/chunks/node_modules_next_dist_1e8vcs8._.js:782
[  333222ms] [LOG] [Fast Refresh] done in 244926ms @ http://localhost:3000/_next/static/chunks/node_modules_next_dist_1e8vcs8._.js:782
[  333284ms] [LOG] [Fast Refresh] done in 244926ms @ http://localhost:3000/_next/static/chunks/node_modules_next_dist_1e8vcs8._.js:782
[  333332ms] [LOG] [Fast Refresh] done in 244926ms @ http://localhost:3000/_next/static/chunks/node_modules_next_dist_1e8vcs8._.js:782
[  333394ms] [LOG] [Fast Refresh] done in 244926ms @ http://localhost:3000/_next/static/chunks/node_modules_next_dist_1e8vcs8._.js:782
[  333455ms] [LOG] [Fast Refresh] done in 244926ms @ http://localhost:3000/_next/static/chunks/node_modules_next_dist_1e8vcs8._.js:782
[  333517ms] [LOG] [Fast Refresh] done in 244926ms @ http://localhost:3000/_next/static/chunks/node_modules_next_dist_1e8vcs8._.js:782
[  333579ms] [LOG] [Fast Refresh] done in 244926ms @ http://localhost:3000/_next/static/chunks/node_modules_next_dist_1e8vcs8._.js:782
[  333641ms] [LOG] [Fast Refresh] done in 244926ms @ http://localhost:3000/_next/static/chunks/node_modules_next_dist_1e8vcs8._.js:782
[  333703ms] [LOG] [Fast Refresh] done in 244926ms @ http://localhost:3000/_next/static/chunks/node_modules_next_dist_1e8vcs8._.js:782
[  333766ms] [LOG] [Fast Refresh] done in 244926ms @ http://localhost:3000/_next/static/chunks/node_modules_next_dist_1e8vcs8._.js:782
[  333829ms] [LOG] [Fast Refresh] done in 244926ms @ http://localhost:3000/_next/static/chunks/node_modules_next_dist_1e8vcs8._.js:782
[  333892ms] [LOG] [Fast Refresh] done in 244926ms @ http://localhost:3000/_next/static/chunks/node_modules_next_dist_1e8vcs8._.js:782
[  333940ms] [LOG] [Fast Refresh] done in 244926ms @ http://localhost:3000/_next/static/chunks/node_modules_next_dist_1e8vcs8._.js:782
[  334004ms] [LOG] [Fast Refresh] done in 244926ms @ http://localhost:3000/_next/static/chunks/node_modules_next_dist_1e8vcs8._.js:782
[  334051ms] [LOG] [Fast Refresh] done in 244926ms @ http://localhost:3000/_next/static/chunks/node_modules_next_dist_1e8vcs8._.js:782
[  334099ms] [LOG] [Fast Refresh] done in 244926ms @ http://localhost:3000/_next/static/chunks/node_modules_next_dist_1e8vcs8._.js:782
[  334161ms] [LOG] [Fast Refresh] done in 244926ms @ http://localhost:3000/_next/static/chunks/node_modules_next_dist_1e8vcs8._.js:782
[  334224ms] [LOG] [Fast Refresh] done in 244926ms @ http://localhost:3000/_next/static/chunks/node_modules_next_dist_1e8vcs8._.js:782
[  334287ms] [LOG] [Fast Refresh] done in 244926ms @ http://localhost:3000/_next/static/chunks/node_modules_next_dist_1e8vcs8._.js:782
[  334334ms] [LOG] [Fast Refresh] done in 244926ms @ http://localhost:3000/_next/static/chunks/node_modules_next_dist_1e8vcs8._.js:782
[  334383ms] [LOG] [Fast Refresh] done in 244926ms @ http://localhost:3000/_next/static/chunks/node_modules_next_dist_1e8vcs8._.js:782
[  334445ms] [LOG] [Fast Refresh] done in 244926ms @ http://localhost:3000/_next/static/chunks/node_modules_next_dist_1e8vcs8._.js:782
[  334491ms] [LOG] [Fast Refresh] done in 244926ms @ http://localhost:3000/_next/static/chunks/node_modules_next_dist_1e8vcs8._.js:782
[  334553ms] [LOG] [Fast Refresh] done in 244926ms @ http://localhost:3000/_next/static/chunks/node_modules_next_dist_1e8vcs8._.js:782
[  334614ms] [LOG] [Fast Refresh] done in 244926ms @ http://localhost:3000/_next/static/chunks/node_modules_next_dist_1e8vcs8._.js:782
[  334676ms] [LOG] [Fast Refresh] done in 244926ms @ http://localhost:3000/_next/static/chunks/node_modules_next_dist_1e8vcs8._.js:782
[  334738ms] [LOG] [Fast Refresh] done in 244926ms @ http://localhost:3000/_next/static/chunks/node_modules_next_dist_1e8vcs8._.js:782
[  334800ms] [LOG] [Fast Refresh] done in 244926ms @ http://localhost:3000/_next/static/chunks/node_modules_next_dist_1e8vcs8._.js:782
[  334863ms] [LOG] [Fast Refresh] done in 244926ms @ http://localhost:3000/_next/static/chunks/node_modules_next_dist_1e8vcs8._.js:782
[  334925ms] [LOG] [Fast Refresh] done in 244926ms @ http://localhost:3000/_next/static/chunks/node_modules_next_dist_1e8vcs8._.js:782
[  334973ms] [LOG] [Fast Refresh] done in 244926ms @ http://localhost:3000/_next/static/chunks/node_modules_next_dist_1e8vcs8._.js:782
[  335035ms] [LOG] [Fast Refresh] done in 244926ms @ http://localhost:3000/_next/static/chunks/node_modules_next_dist_1e8vcs8._.js:782
[  335096ms] [LOG] [Fast Refresh] done in 244926ms @ http://localhost:3000/_next/static/chunks/node_modules_next_dist_1e8vcs8._.js:782
[  335145ms] [LOG] [Fast Refresh] done in 244926ms @ http://localhost:3000/_next/static/chunks/node_modules_next_dist_1e8vcs8._.js:782
[  335192ms] [LOG] [Fast Refresh] done in 244926ms @ http://localhost:3000/_next/static/chunks/node_modules_next_dist_1e8vcs8._.js:782
[  335239ms] [LOG] [Fast Refresh] done in 244926ms @ http://localhost:3000/_next/static/chunks/node_modules_next_dist_1e8vcs8._.js:782
[  335302ms] [LOG] [Fast Refresh] done in 244926ms @ http://localhost:3000/_next/static/chunks/node_modules_next_dist_1e8vcs8._.js:782
[  335363ms] [LOG] [Fast Refresh] done in 244926ms @ http://localhost:3000/_next/static/chunks/node_modules_next_dist_1e8vcs8._.js:782
[  335412ms] [LOG] [Fast Refresh] done in 244926ms @ http://localhost:3000/_next/static/chunks/node_modules_next_dist_1e8vcs8._.js:782
[  335474ms] [LOG] [Fast Refresh] done in 244926ms @ http://localhost:3000/_next/static/chunks/node_modules_next_dist_1e8vcs8._.js:782
[  335521ms] [LOG] [Fast Refresh] done in 244926ms @ http://localhost:3000/_next/static/chunks/node_modules_next_dist_1e8vcs8._.js:782
[  335583ms] [LOG] [Fast Refresh] done in 244926ms @ http://localhost:3000/_next/static/chunks/node_modules_next_dist_1e8vcs8._.js:782
[  335645ms] [LOG] [Fast Refresh] done in 244926ms @ http://localhost:3000/_next/static/chunks/node_modules_next_dist_1e8vcs8._.js:782
[  335707ms] [LOG] [Fast Refresh] done in 244926ms @ http://localhost:3000/_next/static/chunks/node_modules_next_dist_1e8vcs8._.js:782
[  335755ms] [LOG] [Fast Refresh] done in 244926ms @ http://localhost:3000/_next/static/chunks/node_modules_next_dist_1e8vcs8._.js:782
[  335802ms] [LOG] [Fast Refresh] done in 244926ms @ http://localhost:3000/_next/static/chunks/node_modules_next_dist_1e8vcs8._.js:782
[  335864ms] [LOG] [Fast Refresh] done in 244926ms @ http://localhost:3000/_next/static/chunks/node_modules_next_dist_1e8vcs8._.js:782
[  335926ms] [LOG] [Fast Refresh] done in 244926ms @ http://localhost:3000/_next/static/chunks/node_modules_next_dist_1e8vcs8._.js:782
[  335973ms] [LOG] [Fast Refresh] done in 244926ms @ http://localhost:3000/_next/static/chunks/node_modules_next_dist_1e8vcs8._.js:782
[  336035ms] [LOG] [Fast Refresh] done in 244926ms @ http://localhost:3000/_next/static/chunks/node_modules_next_dist_1e8vcs8._.js:782
[  336098ms] [LOG] [Fast Refresh] done in 244926ms @ http://localhost:3000/_next/static/chunks/node_modules_next_dist_1e8vcs8._.js:782
[  336161ms] [LOG] [Fast Refresh] done in 244926ms @ http://localhost:3000/_next/static/chunks/node_modules_next_dist_1e8vcs8._.js:782
[  336223ms] [LOG] [Fast Refresh] done in 244926ms @ http://localhost:3000/_next/static/chunks/node_modules_next_dist_1e8vcs8._.js:782
[  336269ms] [LOG] [Fast Refresh] done in 244926ms @ http://localhost:3000/_next/static/chunks/node_modules_next_dist_1e8vcs8._.js:782
[  336332ms] [LOG] [Fast Refresh] done in 244926ms @ http://localhost:3000/_next/static/chunks/node_modules_next_dist_1e8vcs8._.js:782
[  336394ms] [LOG] [Fast Refresh] done in 244926ms @ http://localhost:3000/_next/static/chunks/node_modules_next_dist_1e8vcs8._.js:782
[  336457ms] [LOG] [Fast Refresh] done in 244926ms @ http://localhost:3000/_next/static/chunks/node_modules_next_dist_1e8vcs8._.js:782
[  336520ms] [LOG] [Fast Refresh] done in 244926ms @ http://localhost:3000/_next/static/chunks/node_modules_next_dist_1e8vcs8._.js:782
[  336582ms] [LOG] [Fast Refresh] done in 244926ms @ http://localhost:3000/_next/static/chunks/node_modules_next_dist_1e8vcs8._.js:782
[  336644ms] [LOG] [Fast Refresh] done in 244926ms @ http://localhost:3000/_next/static/chunks/node_modules_next_dist_1e8vcs8._.js:782
[  336692ms] [LOG] [Fast Refresh] done in 244926ms @ http://localhost:3000/_next/static/chunks/node_modules_next_dist_1e8vcs8._.js:782
[  336739ms] [LOG] [Fast Refresh] done in 244926ms @ http://localhost:3000/_next/static/chunks/node_modules_next_dist_1e8vcs8._.js:782
[  336801ms] [LOG] [Fast Refresh] done in 244926ms @ http://localhost:3000/_next/static/chunks/node_modules_next_dist_1e8vcs8._.js:782
[  336848ms] [LOG] [Fast Refresh] done in 244926ms @ http://localhost:3000/_next/static/chunks/node_modules_next_dist_1e8vcs8._.js:782
[  336911ms] [LOG] [Fast Refresh] done in 244926ms @ http://localhost:3000/_next/static/chunks/node_modules_next_dist_1e8vcs8._.js:782
[  336973ms] [LOG] [Fast Refresh] done in 244926ms @ http://localhost:3000/_next/static/chunks/node_modules_next_dist_1e8vcs8._.js:782
[  337037ms] [LOG] [Fast Refresh] done in 244926ms @ http://localhost:3000/_next/static/chunks/node_modules_next_dist_1e8vcs8._.js:782
[  337099ms] [LOG] [Fast Refresh] done in 244926ms @ http://localhost:3000/_next/static/chunks/node_modules_next_dist_1e8vcs8._.js:782
[  337160ms] [LOG] [Fast Refresh] done in 244926ms @ http://localhost:3000/_next/static/chunks/node_modules_next_dist_1e8vcs8._.js:782
[  337208ms] [LOG] [Fast Refresh] done in 244926ms @ http://localhost:3000/_next/static/chunks/node_modules_next_dist_1e8vcs8._.js:782
[  337255ms] [LOG] [Fast Refresh] done in 244926ms @ http://localhost:3000/_next/static/chunks/node_modules_next_dist_1e8vcs8._.js:782
[  337316ms] [LOG] [Fast Refresh] done in 244926ms @ http://localhost:3000/_next/static/chunks/node_modules_next_dist_1e8vcs8._.js:782
[  337379ms] [LOG] [Fast Refresh] done in 244926ms @ http://localhost:3000/_next/static/chunks/node_modules_next_dist_1e8vcs8._.js:782
[  337441ms] [LOG] [Fast Refresh] done in 244926ms @ http://localhost:3000/_next/static/chunks/node_modules_next_dist_1e8vcs8._.js:782
[  337503ms] [LOG] [Fast Refresh] done in 244926ms @ http://localhost:3000/_next/static/chunks/node_modules_next_dist_1e8vcs8._.js:782
[  337551ms] [LOG] [Fast Refresh] done in 244926ms @ http://localhost:3000/_next/static/chunks/node_modules_next_dist_1e8vcs8._.js:782
[  337614ms] [LOG] [Fast Refresh] done in 244926ms @ http://localhost:3000/_next/static/chunks/node_modules_next_dist_1e8vcs8._.js:782
[  337675ms] [LOG] [Fast Refresh] done in 244926ms @ http://localhost:3000/_next/static/chunks/node_modules_next_dist_1e8vcs8._.js:782
[  337738ms] [LOG] [Fast Refresh] done in 244926ms @ http://localhost:3000/_next/static/chunks/node_modules_next_dist_1e8vcs8._.js:782
[  337799ms] [LOG] [Fast Refresh] done in 244926ms @ http://localhost:3000/_next/static/chunks/node_modules_next_dist_1e8vcs8._.js:782
[  337860ms] [LOG] [Fast Refresh] done in 244926ms @ http://localhost:3000/_next/static/chunks/node_modules_next_dist_1e8vcs8._.js:782
[  337923ms] [LOG] [Fast Refresh] done in 244926ms @ http://localhost:3000/_next/static/chunks/node_modules_next_dist_1e8vcs8._.js:782
[  337970ms] [LOG] [Fast Refresh] done in 244926ms @ http://localhost:3000/_next/static/chunks/node_modules_next_dist_1e8vcs8._.js:782
[  338017ms] [LOG] [Fast Refresh] done in 244926ms @ http://localhost:3000/_next/static/chunks/node_modules_next_dist_1e8vcs8._.js:782
[  338079ms] [LOG] [Fast Refresh] done in 244926ms @ http://localhost:3000/_next/static/chunks/node_modules_next_dist_1e8vcs8._.js:782
[  338141ms] [LOG] [Fast Refresh] done in 244926ms @ http://localhost:3000/_next/static/chunks/node_modules_next_dist_1e8vcs8._.js:782
[  338203ms] [LOG] [Fast Refresh] done in 244926ms @ http://localhost:3000/_next/static/chunks/node_modules_next_dist_1e8vcs8._.js:782
[  338250ms] [LOG] [Fast Refresh] done in 244926ms @ http://localhost:3000/_next/static/chunks/node_modules_next_dist_1e8vcs8._.js:782
[  338312ms] [LOG] [Fast Refresh] done in 244926ms @ http://localhost:3000/_next/static/chunks/node_modules_next_dist_1e8vcs8._.js:782
[  338374ms] [LOG] [Fast Refresh] done in 244926ms @ http://localhost:3000/_next/static/chunks/node_modules_next_dist_1e8vcs8._.js:782
[  338437ms] [LOG] [Fast Refresh] done in 244926ms @ http://localhost:3000/_next/static/chunks/node_modules_next_dist_1e8vcs8._.js:782
[  338499ms] [LOG] [Fast Refresh] done in 244926ms @ http://localhost:3000/_next/static/chunks/node_modules_next_dist_1e8vcs8._.js:782
[  338560ms] [LOG] [Fast Refresh] done in 244926ms @ http://localhost:3000/_next/static/chunks/node_modules_next_dist_1e8vcs8._.js:782
[  338622ms] [LOG] [Fast Refresh] done in 244926ms @ http://localhost:3000/_next/static/chunks/node_modules_next_dist_1e8vcs8._.js:782
[  338685ms] [LOG] [Fast Refresh] done in 244926ms @ http://localhost:3000/_next/static/chunks/node_modules_next_dist_1e8vcs8._.js:782
[  338746ms] [LOG] [Fast Refresh] done in 244926ms @ http://localhost:3000/_next/static/chunks/node_modules_next_dist_1e8vcs8._.js:782
[  338808ms] [LOG] [Fast Refresh] done in 244926ms @ http://localhost:3000/_next/static/chunks/node_modules_next_dist_1e8vcs8._.js:782
[  338856ms] [LOG] [Fast Refresh] done in 244926ms @ http://localhost:3000/_next/static/chunks/node_modules_next_dist_1e8vcs8._.js:782
[  338919ms] [LOG] [Fast Refresh] done in 244926ms @ http://localhost:3000/_next/static/chunks/node_modules_next_dist_1e8vcs8._.js:782
[  338980ms] [LOG] [Fast Refresh] done in 244926ms @ http://localhost:3000/_next/static/chunks/node_modules_next_dist_1e8vcs8._.js:782
[  339027ms] [LOG] [Fast Refresh] done in 244926ms @ http://localhost:3000/_next/static/chunks/node_modules_next_dist_1e8vcs8._.js:782
[  339089ms] [LOG] [Fast Refresh] done in 244926ms @ http://localhost:3000/_next/static/chunks/node_modules_next_dist_1e8vcs8._.js:782
[  339150ms] [LOG] [Fast Refresh] done in 244926ms @ http://localhost:3000/_next/static/chunks/node_modules_next_dist_1e8vcs8._.js:782
[  339197ms] [LOG] [Fast Refresh] done in 244926ms @ http://localhost:3000/_next/static/chunks/node_modules_next_dist_1e8vcs8._.js:782
[  339244ms] [LOG] [Fast Refresh] done in 244926ms @ http://localhost:3000/_next/static/chunks/node_modules_next_dist_1e8vcs8._.js:782
[  339305ms] [LOG] [Fast Refresh] done in 244926ms @ http://localhost:3000/_next/static/chunks/node_modules_next_dist_1e8vcs8._.js:782
[  339352ms] [LOG] [Fast Refresh] done in 244926ms @ http://localhost:3000/_next/static/chunks/node_modules_next_dist_1e8vcs8._.js:782
[  339414ms] [LOG] [Fast Refresh] done in 244926ms @ http://localhost:3000/_next/static/chunks/node_modules_next_dist_1e8vcs8._.js:782
[  339476ms] [LOG] [Fast Refresh] done in 244926ms @ http://localhost:3000/_next/static/chunks/node_modules_next_dist_1e8vcs8._.js:782
[  339539ms] [LOG] [Fast Refresh] done in 244926ms @ http://localhost:3000/_next/static/chunks/node_modules_next_dist_1e8vcs8._.js:782
[  339601ms] [LOG] [Fast Refresh] done in 244926ms @ http://localhost:3000/_next/static/chunks/node_modules_next_dist_1e8vcs8._.js:782
[  339665ms] [LOG] [Fast Refresh] done in 244926ms @ http://localhost:3000/_next/static/chunks/node_modules_next_dist_1e8vcs8._.js:782
[  339727ms] [LOG] [Fast Refresh] done in 244926ms @ http://localhost:3000/_next/static/chunks/node_modules_next_dist_1e8vcs8._.js:782
[  339788ms] [LOG] [Fast Refresh] done in 244926ms @ http://localhost:3000/_next/static/chunks/node_modules_next_dist_1e8vcs8._.js:782
[  339850ms] [LOG] [Fast Refresh] done in 244926ms @ http://localhost:3000/_next/static/chunks/node_modules_next_dist_1e8vcs8._.js:782
[  339913ms] [LOG] [Fast Refresh] done in 244926ms @ http://localhost:3000/_next/static/chunks/node_modules_next_dist_1e8vcs8._.js:782
[  339976ms] [LOG] [Fast Refresh] done in 244926ms @ http://localhost:3000/_next/static/chunks/node_modules_next_dist_1e8vcs8._.js:782
[  340038ms] [LOG] [Fast Refresh] done in 244926ms @ http://localhost:3000/_next/static/chunks/node_modules_next_dist_1e8vcs8._.js:782
[  340100ms] [LOG] [Fast Refresh] done in 244926ms @ http://localhost:3000/_next/static/chunks/node_modules_next_dist_1e8vcs8._.js:782
[  340163ms] [LOG] [Fast Refresh] done in 244926ms @ http://localhost:3000/_next/static/chunks/node_modules_next_dist_1e8vcs8._.js:782
[  340225ms] [LOG] [Fast Refresh] done in 244926ms @ http://localhost:3000/_next/static/chunks/node_modules_next_dist_1e8vcs8._.js:782
[  340287ms] [LOG] [Fast Refresh] done in 244926ms @ http://localhost:3000/_next/static/chunks/node_modules_next_dist_1e8vcs8._.js:782
[  340349ms] [LOG] [Fast Refresh] done in 244926ms @ http://localhost:3000/_next/static/chunks/node_modules_next_dist_1e8vcs8._.js:782
[  340412ms] [LOG] [Fast Refresh] done in 244926ms @ http://localhost:3000/_next/static/chunks/node_modules_next_dist_1e8vcs8._.js:782
[  340459ms] [LOG] [Fast Refresh] done in 244926ms @ http://localhost:3000/_next/static/chunks/node_modules_next_dist_1e8vcs8._.js:782
[  340521ms] [LOG] [Fast Refresh] done in 244926ms @ http://localhost:3000/_next/static/chunks/node_modules_next_dist_1e8vcs8._.js:782
[  340569ms] [LOG] [Fast Refresh] done in 244926ms @ http://localhost:3000/_next/static/chunks/node_modules_next_dist_1e8vcs8._.js:782
[  340631ms] [LOG] [Fast Refresh] done in 244926ms @ http://localhost:3000/_next/static/chunks/node_modules_next_dist_1e8vcs8._.js:782
[  340693ms] [LOG] [Fast Refresh] done in 244926ms @ http://localhost:3000/_next/static/chunks/node_modules_next_dist_1e8vcs8._.js:782
[  340740ms] [LOG] [Fast Refresh] done in 244926ms @ http://localhost:3000/_next/static/chunks/node_modules_next_dist_1e8vcs8._.js:782
[  340802ms] [LOG] [Fast Refresh] done in 244926ms @ http://localhost:3000/_next/static/chunks/node_modules_next_dist_1e8vcs8._.js:782
[  340864ms] [LOG] [Fast Refresh] done in 244926ms @ http://localhost:3000/_next/static/chunks/node_modules_next_dist_1e8vcs8._.js:782
[  340926ms] [LOG] [Fast Refresh] done in 244926ms @ http://localhost:3000/_next/static/chunks/node_modules_next_dist_1e8vcs8._.js:782
[  340990ms] [LOG] [Fast Refresh] done in 244926ms @ http://localhost:3000/_next/static/chunks/node_modules_next_dist_1e8vcs8._.js:782
[  341052ms] [LOG] [Fast Refresh] done in 244926ms @ http://localhost:3000/_next/static/chunks/node_modules_next_dist_1e8vcs8._.js:782
[  341114ms] [LOG] [Fast Refresh] done in 244926ms @ http://localhost:3000/_next/static/chunks/node_modules_next_dist_1e8vcs8._.js:782
[  341177ms] [LOG] [Fast Refresh] done in 244926ms @ http://localhost:3000/_next/static/chunks/node_modules_next_dist_1e8vcs8._.js:782
[  341240ms] [LOG] [Fast Refresh] done in 244926ms @ http://localhost:3000/_next/static/chunks/node_modules_next_dist_1e8vcs8._.js:782
[  341302ms] [LOG] [Fast Refresh] done in 244926ms @ http://localhost:3000/_next/static/chunks/node_modules_next_dist_1e8vcs8._.js:782
[  341365ms] [LOG] [Fast Refresh] done in 244926ms @ http://localhost:3000/_next/static/chunks/node_modules_next_dist_1e8vcs8._.js:782
[  341413ms] [LOG] [Fast Refresh] done in 244926ms @ http://localhost:3000/_next/static/chunks/node_modules_next_dist_1e8vcs8._.js:782
[  341475ms] [LOG] [Fast Refresh] done in 244926ms @ http://localhost:3000/_next/static/chunks/node_modules_next_dist_1e8vcs8._.js:782
[  341537ms] [LOG] [Fast Refresh] done in 244926ms @ http://localhost:3000/_next/static/chunks/node_modules_next_dist_1e8vcs8._.js:782
[  341601ms] [LOG] [Fast Refresh] done in 244926ms @ http://localhost:3000/_next/static/chunks/node_modules_next_dist_1e8vcs8._.js:782
[  341648ms] [LOG] [Fast Refresh] done in 244926ms @ http://localhost:3000/_next/static/chunks/node_modules_next_dist_1e8vcs8._.js:782
[  341710ms] [LOG] [Fast Refresh] done in 244926ms @ http://localhost:3000/_next/static/chunks/node_modules_next_dist_1e8vcs8._.js:782
[  341757ms] [LOG] [Fast Refresh] done in 244926ms @ http://localhost:3000/_next/static/chunks/node_modules_next_dist_1e8vcs8._.js:782
[  341820ms] [LOG] [Fast Refresh] done in 244926ms @ http://localhost:3000/_next/static/chunks/node_modules_next_dist_1e8vcs8._.js:782
[  341882ms] [LOG] [Fast Refresh] done in 244926ms @ http://localhost:3000/_next/static/chunks/node_modules_next_dist_1e8vcs8._.js:782
[  341944ms] [LOG] [Fast Refresh] done in 244926ms @ http://localhost:3000/_next/static/chunks/node_modules_next_dist_1e8vcs8._.js:782
[  342007ms] [LOG] [Fast Refresh] done in 244926ms @ http://localhost:3000/_next/static/chunks/node_modules_next_dist_1e8vcs8._.js:782
[  342070ms] [LOG] [Fast Refresh] done in 244926ms @ http://localhost:3000/_next/static/chunks/node_modules_next_dist_1e8vcs8._.js:782
[  342117ms] [LOG] [Fast Refresh] done in 244926ms @ http://localhost:3000/_next/static/chunks/node_modules_next_dist_1e8vcs8._.js:782
[  342165ms] [LOG] [Fast Refresh] done in 244926ms @ http://localhost:3000/_next/static/chunks/node_modules_next_dist_1e8vcs8._.js:782
[  342212ms] [LOG] [Fast Refresh] done in 244926ms @ http://localhost:3000/_next/static/chunks/node_modules_next_dist_1e8vcs8._.js:782
[  342274ms] [LOG] [Fast Refresh] done in 244926ms @ http://localhost:3000/_next/static/chunks/node_modules_next_dist_1e8vcs8._.js:782
[  342337ms] [LOG] [Fast Refresh] done in 244926ms @ http://localhost:3000/_next/static/chunks/node_modules_next_dist_1e8vcs8._.js:782
[  342398ms] [LOG] [Fast Refresh] done in 244926ms @ http://localhost:3000/_next/static/chunks/node_modules_next_dist_1e8vcs8._.js:782
[  342446ms] [LOG] [Fast Refresh] done in 244926ms @ http://localhost:3000/_next/static/chunks/node_modules_next_dist_1e8vcs8._.js:782
[  342508ms] [LOG] [Fast Refresh] done in 244926ms @ http://localhost:3000/_next/static/chunks/node_modules_next_dist_1e8vcs8._.js:782
[  342571ms] [LOG] [Fast Refresh] done in 244926ms @ http://localhost:3000/_next/static/chunks/node_modules_next_dist_1e8vcs8._.js:782
[  342632ms] [LOG] [Fast Refresh] done in 244926ms @ http://localhost:3000/_next/static/chunks/node_modules_next_dist_1e8vcs8._.js:782
[  342695ms] [LOG] [Fast Refresh] done in 244926ms @ http://localhost:3000/_next/static/chunks/node_modules_next_dist_1e8vcs8._.js:782
[  342757ms] [LOG] [Fast Refresh] done in 244926ms @ http://localhost:3000/_next/static/chunks/node_modules_next_dist_1e8vcs8._.js:782
[  342820ms] [LOG] [Fast Refresh] done in 244926ms @ http://localhost:3000/_next/static/chunks/node_modules_next_dist_1e8vcs8._.js:782
[  342882ms] [LOG] [Fast Refresh] done in 244926ms @ http://localhost:3000/_next/static/chunks/node_modules_next_dist_1e8vcs8._.js:782
[  342944ms] [LOG] [Fast Refresh] done in 244926ms @ http://localhost:3000/_next/static/chunks/node_modules_next_dist_1e8vcs8._.js:782
[  343006ms] [LOG] [Fast Refresh] done in 244926ms @ http://localhost:3000/_next/static/chunks/node_modules_next_dist_1e8vcs8._.js:782
[  343053ms] [LOG] [Fast Refresh] done in 244926ms @ http://localhost:3000/_next/static/chunks/node_modules_next_dist_1e8vcs8._.js:782
[  343115ms] [LOG] [Fast Refresh] done in 244926ms @ http://localhost:3000/_next/static/chunks/node_modules_next_dist_1e8vcs8._.js:782
[  343179ms] [LOG] [Fast Refresh] done in 244926ms @ http://localhost:3000/_next/static/chunks/node_modules_next_dist_1e8vcs8._.js:782
[  343241ms] [LOG] [Fast Refresh] done in 244926ms @ http://localhost:3000/_next/static/chunks/node_modules_next_dist_1e8vcs8._.js:782
[  343303ms] [LOG] [Fast Refresh] done in 244926ms @ http://localhost:3000/_next/static/chunks/node_modules_next_dist_1e8vcs8._.js:782
[  343351ms] [LOG] [Fast Refresh] done in 244926ms @ http://localhost:3000/_next/static/chunks/node_modules_next_dist_1e8vcs8._.js:782
[  343414ms] [LOG] [Fast Refresh] done in 244926ms @ http://localhost:3000/_next/static/chunks/node_modules_next_dist_1e8vcs8._.js:782
[  343462ms] [LOG] [Fast Refresh] done in 244926ms @ http://localhost:3000/_next/static/chunks/node_modules_next_dist_1e8vcs8._.js:782
[  343510ms] [LOG] [Fast Refresh] done in 244926ms @ http://localhost:3000/_next/static/chunks/node_modules_next_dist_1e8vcs8._.js:782
[  343573ms] [LOG] [Fast Refresh] done in 244926ms @ http://localhost:3000/_next/static/chunks/node_modules_next_dist_1e8vcs8._.js:782
[  343635ms] [LOG] [Fast Refresh] done in 244926ms @ http://localhost:3000/_next/static/chunks/node_modules_next_dist_1e8vcs8._.js:782
[  343682ms] [LOG] [Fast Refresh] done in 244926ms @ http://localhost:3000/_next/static/chunks/node_modules_next_dist_1e8vcs8._.js:782
[  343745ms] [LOG] [Fast Refresh] done in 244926ms @ http://localhost:3000/_next/static/chunks/node_modules_next_dist_1e8vcs8._.js:782
[  343807ms] [LOG] [Fast Refresh] done in 244926ms @ http://localhost:3000/_next/static/chunks/node_modules_next_dist_1e8vcs8._.js:782
[  343869ms] [LOG] [Fast Refresh] done in 244926ms @ http://localhost:3000/_next/static/chunks/node_modules_next_dist_1e8vcs8._.js:782
[  343932ms] [LOG] [Fast Refresh] done in 244926ms @ http://localhost:3000/_next/static/chunks/node_modules_next_dist_1e8vcs8._.js:782
[  343994ms] [LOG] [Fast Refresh] done in 244926ms @ http://localhost:3000/_next/static/chunks/node_modules_next_dist_1e8vcs8._.js:782
[  344041ms] [LOG] [Fast Refresh] done in 244926ms @ http://localhost:3000/_next/static/chunks/node_modules_next_dist_1e8vcs8._.js:782
[  344103ms] [LOG] [Fast Refresh] done in 244926ms @ http://localhost:3000/_next/static/chunks/node_modules_next_dist_1e8vcs8._.js:782
[  344165ms] [LOG] [Fast Refresh] done in 244926ms @ http://localhost:3000/_next/static/chunks/node_modules_next_dist_1e8vcs8._.js:782
[  344228ms] [LOG] [Fast Refresh] done in 244926ms @ http://localhost:3000/_next/static/chunks/node_modules_next_dist_1e8vcs8._.js:782
[  344290ms] [LOG] [Fast Refresh] done in 244926ms @ http://localhost:3000/_next/static/chunks/node_modules_next_dist_1e8vcs8._.js:782
[  344353ms] [LOG] [Fast Refresh] done in 244926ms @ http://localhost:3000/_next/static/chunks/node_modules_next_dist_1e8vcs8._.js:782
[  344400ms] [LOG] [Fast Refresh] done in 244926ms @ http://localhost:3000/_next/static/chunks/node_modules_next_dist_1e8vcs8._.js:782
[  344448ms] [LOG] [Fast Refresh] done in 244926ms @ http://localhost:3000/_next/static/chunks/node_modules_next_dist_1e8vcs8._.js:782
[  344510ms] [LOG] [Fast Refresh] done in 244926ms @ http://localhost:3000/_next/static/chunks/node_modules_next_dist_1e8vcs8._.js:782
[  344557ms] [LOG] [Fast Refresh] done in 244926ms @ http://localhost:3000/_next/static/chunks/node_modules_next_dist_1e8vcs8._.js:782
[  344620ms] [LOG] [Fast Refresh] done in 244926ms @ http://localhost:3000/_next/static/chunks/node_modules_next_dist_1e8vcs8._.js:782
[  344667ms] [LOG] [Fast Refresh] done in 244926ms @ http://localhost:3000/_next/static/chunks/node_modules_next_dist_1e8vcs8._.js:782
[  344714ms] [LOG] [Fast Refresh] done in 244926ms @ http://localhost:3000/_next/static/chunks/node_modules_next_dist_1e8vcs8._.js:782
[  344776ms] [LOG] [Fast Refresh] done in 244926ms @ http://localhost:3000/_next/static/chunks/node_modules_next_dist_1e8vcs8._.js:782
[  344838ms] [LOG] [Fast Refresh] done in 244926ms @ http://localhost:3000/_next/static/chunks/node_modules_next_dist_1e8vcs8._.js:782
[  344902ms] [LOG] [Fast Refresh] done in 244926ms @ http://localhost:3000/_next/static/chunks/node_modules_next_dist_1e8vcs8._.js:782
[  344949ms] [LOG] [Fast Refresh] done in 244926ms @ http://localhost:3000/_next/static/chunks/node_modules_next_dist_1e8vcs8._.js:782
[  344997ms] [LOG] [Fast Refresh] done in 244926ms @ http://localhost:3000/_next/static/chunks/node_modules_next_dist_1e8vcs8._.js:782
[  345059ms] [LOG] [Fast Refresh] done in 244926ms @ http://localhost:3000/_next/static/chunks/node_modules_next_dist_1e8vcs8._.js:782
[  345121ms] [LOG] [Fast Refresh] done in 244926ms @ http://localhost:3000/_next/static/chunks/node_modules_next_dist_1e8vcs8._.js:782
[  345183ms] [LOG] [Fast Refresh] done in 244926ms @ http://localhost:3000/_next/static/chunks/node_modules_next_dist_1e8vcs8._.js:782
[  345231ms] [LOG] [Fast Refresh] done in 244926ms @ http://localhost:3000/_next/static/chunks/node_modules_next_dist_1e8vcs8._.js:782
[  345293ms] [LOG] [Fast Refresh] done in 244926ms @ http://localhost:3000/_next/static/chunks/node_modules_next_dist_1e8vcs8._.js:782
[  345340ms] [LOG] [Fast Refresh] done in 244926ms @ http://localhost:3000/_next/static/chunks/node_modules_next_dist_1e8vcs8._.js:782
[  345387ms] [LOG] [Fast Refresh] done in 244926ms @ http://localhost:3000/_next/static/chunks/node_modules_next_dist_1e8vcs8._.js:782
[  345450ms] [LOG] [Fast Refresh] done in 244926ms @ http://localhost:3000/_next/static/chunks/node_modules_next_dist_1e8vcs8._.js:782
[  345512ms] [LOG] [Fast Refresh] done in 244926ms @ http://localhost:3000/_next/static/chunks/node_modules_next_dist_1e8vcs8._.js:782
[  345574ms] [LOG] [Fast Refresh] done in 244926ms @ http://localhost:3000/_next/static/chunks/node_modules_next_dist_1e8vcs8._.js:782
[  345637ms] [LOG] [Fast Refresh] done in 244926ms @ http://localhost:3000/_next/static/chunks/node_modules_next_dist_1e8vcs8._.js:782
[  345698ms] [LOG] [Fast Refresh] done in 244926ms @ http://localhost:3000/_next/static/chunks/node_modules_next_dist_1e8vcs8._.js:782
[  345746ms] [LOG] [Fast Refresh] done in 244926ms @ http://localhost:3000/_next/static/chunks/node_modules_next_dist_1e8vcs8._.js:782
[  345808ms] [LOG] [Fast Refresh] done in 244926ms @ http://localhost:3000/_next/static/chunks/node_modules_next_dist_1e8vcs8._.js:782
[  345855ms] [LOG] [Fast Refresh] done in 244926ms @ http://localhost:3000/_next/static/chunks/node_modules_next_dist_1e8vcs8._.js:782
[  345903ms] [LOG] [Fast Refresh] done in 244926ms @ http://localhost:3000/_next/static/chunks/node_modules_next_dist_1e8vcs8._.js:782
[  345964ms] [LOG] [Fast Refresh] done in 244926ms @ http://localhost:3000/_next/static/chunks/node_modules_next_dist_1e8vcs8._.js:782
[  346026ms] [LOG] [Fast Refresh] done in 244926ms @ http://localhost:3000/_next/static/chunks/node_modules_next_dist_1e8vcs8._.js:782
[  346089ms] [LOG] [Fast Refresh] done in 244926ms @ http://localhost:3000/_next/static/chunks/node_modules_next_dist_1e8vcs8._.js:782
[  346152ms] [LOG] [Fast Refresh] done in 244926ms @ http://localhost:3000/_next/static/chunks/node_modules_next_dist_1e8vcs8._.js:782
[  346200ms] [LOG] [Fast Refresh] done in 244926ms @ http://localhost:3000/_next/static/chunks/node_modules_next_dist_1e8vcs8._.js:782
[  346263ms] [LOG] [Fast Refresh] done in 244926ms @ http://localhost:3000/_next/static/chunks/node_modules_next_dist_1e8vcs8._.js:782
[  346325ms] [LOG] [Fast Refresh] done in 244926ms @ http://localhost:3000/_next/static/chunks/node_modules_next_dist_1e8vcs8._.js:782
[  346388ms] [LOG] [Fast Refresh] done in 244926ms @ http://localhost:3000/_next/static/chunks/node_modules_next_dist_1e8vcs8._.js:782
[  346435ms] [LOG] [Fast Refresh] done in 244926ms @ http://localhost:3000/_next/static/chunks/node_modules_next_dist_1e8vcs8._.js:782
[  346497ms] [LOG] [Fast Refresh] done in 244926ms @ http://localhost:3000/_next/static/chunks/node_modules_next_dist_1e8vcs8._.js:782
[  346559ms] [LOG] [Fast Refresh] done in 244926ms @ http://localhost:3000/_next/static/chunks/node_modules_next_dist_1e8vcs8._.js:782
[  346622ms] [LOG] [Fast Refresh] done in 244926ms @ http://localhost:3000/_next/static/chunks/node_modules_next_dist_1e8vcs8._.js:782
[  346669ms] [LOG] [Fast Refresh] done in 244926ms @ http://localhost:3000/_next/static/chunks/node_modules_next_dist_1e8vcs8._.js:782
[  346732ms] [LOG] [Fast Refresh] done in 244926ms @ http://localhost:3000/_next/static/chunks/node_modules_next_dist_1e8vcs8._.js:782
[  346794ms] [LOG] [Fast Refresh] done in 244926ms @ http://localhost:3000/_next/static/chunks/node_modules_next_dist_1e8vcs8._.js:782
[  346856ms] [LOG] [Fast Refresh] done in 244926ms @ http://localhost:3000/_next/static/chunks/node_modules_next_dist_1e8vcs8._.js:782
[  346918ms] [LOG] [Fast Refresh] done in 244926ms @ http://localhost:3000/_next/static/chunks/node_modules_next_dist_1e8vcs8._.js:782
[  346981ms] [LOG] [Fast Refresh] done in 244926ms @ http://localhost:3000/_next/static/chunks/node_modules_next_dist_1e8vcs8._.js:782
[  347043ms] [LOG] [Fast Refresh] done in 244926ms @ http://localhost:3000/_next/static/chunks/node_modules_next_dist_1e8vcs8._.js:782
[  347105ms] [LOG] [Fast Refresh] done in 244926ms @ http://localhost:3000/_next/static/chunks/node_modules_next_dist_1e8vcs8._.js:782
[  347167ms] [LOG] [Fast Refresh] done in 244926ms @ http://localhost:3000/_next/static/chunks/node_modules_next_dist_1e8vcs8._.js:782
[  347230ms] [LOG] [Fast Refresh] done in 244926ms @ http://localhost:3000/_next/static/chunks/node_modules_next_dist_1e8vcs8._.js:782
[  347292ms] [LOG] [Fast Refresh] done in 244926ms @ http://localhost:3000/_next/static/chunks/node_modules_next_dist_1e8vcs8._.js:782
[  347354ms] [LOG] [Fast Refresh] done in 244926ms @ http://localhost:3000/_next/static/chunks/node_modules_next_dist_1e8vcs8._.js:782
[  347401ms] [LOG] [Fast Refresh] done in 244926ms @ http://localhost:3000/_next/static/chunks/node_modules_next_dist_1e8vcs8._.js:782
[  347449ms] [LOG] [Fast Refresh] done in 244926ms @ http://localhost:3000/_next/static/chunks/node_modules_next_dist_1e8vcs8._.js:782
[  347512ms] [LOG] [Fast Refresh] done in 244926ms @ http://localhost:3000/_next/static/chunks/node_modules_next_dist_1e8vcs8._.js:782
[  347559ms] [LOG] [Fast Refresh] done in 244926ms @ http://localhost:3000/_next/static/chunks/node_modules_next_dist_1e8vcs8._.js:782
[  347620ms] [LOG] [Fast Refresh] done in 244926ms @ http://localhost:3000/_next/static/chunks/node_modules_next_dist_1e8vcs8._.js:782
[  347682ms] [LOG] [Fast Refresh] done in 244926ms @ http://localhost:3000/_next/static/chunks/node_modules_next_dist_1e8vcs8._.js:782
[  347745ms] [LOG] [Fast Refresh] done in 244926ms @ http://localhost:3000/_next/static/chunks/node_modules_next_dist_1e8vcs8._.js:782
[  347806ms] [LOG] [Fast Refresh] done in 244926ms @ http://localhost:3000/_next/static/chunks/node_modules_next_dist_1e8vcs8._.js:782
[  347869ms] [LOG] [Fast Refresh] done in 244926ms @ http://localhost:3000/_next/static/chunks/node_modules_next_dist_1e8vcs8._.js:782
[  347932ms] [LOG] [Fast Refresh] done in 244926ms @ http://localhost:3000/_next/static/chunks/node_modules_next_dist_1e8vcs8._.js:782
[  347993ms] [LOG] [Fast Refresh] done in 244926ms @ http://localhost:3000/_next/static/chunks/node_modules_next_dist_1e8vcs8._.js:782
[  348040ms] [LOG] [Fast Refresh] done in 244926ms @ http://localhost:3000/_next/static/chunks/node_modules_next_dist_1e8vcs8._.js:782
[  348103ms] [LOG] [Fast Refresh] done in 244926ms @ http://localhost:3000/_next/static/chunks/node_modules_next_dist_1e8vcs8._.js:782
[  348165ms] [LOG] [Fast Refresh] done in 244926ms @ http://localhost:3000/_next/static/chunks/node_modules_next_dist_1e8vcs8._.js:782
[  348213ms] [LOG] [Fast Refresh] done in 244926ms @ http://localhost:3000/_next/static/chunks/node_modules_next_dist_1e8vcs8._.js:782
[  348275ms] [LOG] [Fast Refresh] done in 244926ms @ http://localhost:3000/_next/static/chunks/node_modules_next_dist_1e8vcs8._.js:782
[  348322ms] [LOG] [Fast Refresh] done in 244926ms @ http://localhost:3000/_next/static/chunks/node_modules_next_dist_1e8vcs8._.js:782
[  348385ms] [LOG] [Fast Refresh] done in 244926ms @ http://localhost:3000/_next/static/chunks/node_modules_next_dist_1e8vcs8._.js:782
[  348447ms] [LOG] [Fast Refresh] done in 244926ms @ http://localhost:3000/_next/static/chunks/node_modules_next_dist_1e8vcs8._.js:782
[  348509ms] [LOG] [Fast Refresh] done in 244926ms @ http://localhost:3000/_next/static/chunks/node_modules_next_dist_1e8vcs8._.js:782
[  348570ms] [LOG] [Fast Refresh] done in 244926ms @ http://localhost:3000/_next/static/chunks/node_modules_next_dist_1e8vcs8._.js:782
[  348617ms] [LOG] [Fast Refresh] done in 244926ms @ http://localhost:3000/_next/static/chunks/node_modules_next_dist_1e8vcs8._.js:782
[  348679ms] [LOG] [Fast Refresh] done in 244926ms @ http://localhost:3000/_next/static/chunks/node_modules_next_dist_1e8vcs8._.js:782
[  348741ms] [LOG] [Fast Refresh] done in 244926ms @ http://localhost:3000/_next/static/chunks/node_modules_next_dist_1e8vcs8._.js:782
[  348804ms] [LOG] [Fast Refresh] done in 244926ms @ http://localhost:3000/_next/static/chunks/node_modules_next_dist_1e8vcs8._.js:782
[  348867ms] [LOG] [Fast Refresh] done in 244926ms @ http://localhost:3000/_next/static/chunks/node_modules_next_dist_1e8vcs8._.js:782
[  348929ms] [LOG] [Fast Refresh] done in 244926ms @ http://localhost:3000/_next/static/chunks/node_modules_next_dist_1e8vcs8._.js:782
[  348992ms] [LOG] [Fast Refresh] done in 244926ms @ http://localhost:3000/_next/static/chunks/node_modules_next_dist_1e8vcs8._.js:782
[  349040ms] [LOG] [Fast Refresh] done in 244926ms @ http://localhost:3000/_next/static/chunks/node_modules_next_dist_1e8vcs8._.js:782
[  349087ms] [LOG] [Fast Refresh] done in 244926ms @ http://localhost:3000/_next/static/chunks/node_modules_next_dist_1e8vcs8._.js:782
[  349148ms] [LOG] [Fast Refresh] done in 244926ms @ http://localhost:3000/_next/static/chunks/node_modules_next_dist_1e8vcs8._.js:782
[  349210ms] [LOG] [Fast Refresh] done in 244926ms @ http://localhost:3000/_next/static/chunks/node_modules_next_dist_1e8vcs8._.js:782
[  349272ms] [LOG] [Fast Refresh] done in 244926ms @ http://localhost:3000/_next/static/chunks/node_modules_next_dist_1e8vcs8._.js:782
[  349333ms] [LOG] [Fast Refresh] done in 244926ms @ http://localhost:3000/_next/static/chunks/node_modules_next_dist_1e8vcs8._.js:782
[  349396ms] [LOG] [Fast Refresh] done in 244926ms @ http://localhost:3000/_next/static/chunks/node_modules_next_dist_1e8vcs8._.js:782
[  349443ms] [LOG] [Fast Refresh] done in 244926ms @ http://localhost:3000/_next/static/chunks/node_modules_next_dist_1e8vcs8._.js:782
[  349491ms] [LOG] [Fast Refresh] done in 244926ms @ http://localhost:3000/_next/static/chunks/node_modules_next_dist_1e8vcs8._.js:782
[  349554ms] [LOG] [Fast Refresh] done in 244926ms @ http://localhost:3000/_next/static/chunks/node_modules_next_dist_1e8vcs8._.js:782
[  349616ms] [LOG] [Fast Refresh] done in 244926ms @ http://localhost:3000/_next/static/chunks/node_modules_next_dist_1e8vcs8._.js:782
[  349678ms] [LOG] [Fast Refresh] done in 244926ms @ http://localhost:3000/_next/static/chunks/node_modules_next_dist_1e8vcs8._.js:782
[  349739ms] [LOG] [Fast Refresh] done in 244926ms @ http://localhost:3000/_next/static/chunks/node_modules_next_dist_1e8vcs8._.js:782
[  349801ms] [LOG] [Fast Refresh] done in 244926ms @ http://localhost:3000/_next/static/chunks/node_modules_next_dist_1e8vcs8._.js:782
[  349863ms] [LOG] [Fast Refresh] done in 244926ms @ http://localhost:3000/_next/static/chunks/node_modules_next_dist_1e8vcs8._.js:782
[  349925ms] [LOG] [Fast Refresh] done in 244926ms @ http://localhost:3000/_next/static/chunks/node_modules_next_dist_1e8vcs8._.js:782
[  349989ms] [LOG] [Fast Refresh] done in 244926ms @ http://localhost:3000/_next/static/chunks/node_modules_next_dist_1e8vcs8._.js:782
[  350050ms] [LOG] [Fast Refresh] done in 244926ms @ http://localhost:3000/_next/static/chunks/node_modules_next_dist_1e8vcs8._.js:782
[  350098ms] [LOG] [Fast Refresh] done in 244926ms @ http://localhost:3000/_next/static/chunks/node_modules_next_dist_1e8vcs8._.js:782
[  350160ms] [LOG] [Fast Refresh] done in 244926ms @ http://localhost:3000/_next/static/chunks/node_modules_next_dist_1e8vcs8._.js:782
[  350222ms] [LOG] [Fast Refresh] done in 244926ms @ http://localhost:3000/_next/static/chunks/node_modules_next_dist_1e8vcs8._.js:782
[  350285ms] [LOG] [Fast Refresh] done in 244926ms @ http://localhost:3000/_next/static/chunks/node_modules_next_dist_1e8vcs8._.js:782
[  350347ms] [LOG] [Fast Refresh] done in 244926ms @ http://localhost:3000/_next/static/chunks/node_modules_next_dist_1e8vcs8._.js:782
[  350409ms] [LOG] [Fast Refresh] done in 244926ms @ http://localhost:3000/_next/static/chunks/node_modules_next_dist_1e8vcs8._.js:782
[  350456ms] [LOG] [Fast Refresh] done in 244926ms @ http://localhost:3000/_next/static/chunks/node_modules_next_dist_1e8vcs8._.js:782
[  350518ms] [LOG] [Fast Refresh] done in 244926ms @ http://localhost:3000/_next/static/chunks/node_modules_next_dist_1e8vcs8._.js:782
[  350565ms] [LOG] [Fast Refresh] done in 244926ms @ http://localhost:3000/_next/static/chunks/node_modules_next_dist_1e8vcs8._.js:782
[  350627ms] [LOG] [Fast Refresh] done in 244926ms @ http://localhost:3000/_next/static/chunks/node_modules_next_dist_1e8vcs8._.js:782
[  350689ms] [LOG] [Fast Refresh] done in 244926ms @ http://localhost:3000/_next/static/chunks/node_modules_next_dist_1e8vcs8._.js:782
[  350751ms] [LOG] [Fast Refresh] done in 244926ms @ http://localhost:3000/_next/static/chunks/node_modules_next_dist_1e8vcs8._.js:782
[  350813ms] [LOG] [Fast Refresh] done in 244926ms @ http://localhost:3000/_next/static/chunks/node_modules_next_dist_1e8vcs8._.js:782
[  350875ms] [LOG] [Fast Refresh] done in 244926ms @ http://localhost:3000/_next/static/chunks/node_modules_next_dist_1e8vcs8._.js:782
[  350937ms] [LOG] [Fast Refresh] done in 244926ms @ http://localhost:3000/_next/static/chunks/node_modules_next_dist_1e8vcs8._.js:782
[  350984ms] [LOG] [Fast Refresh] done in 244926ms @ http://localhost:3000/_next/static/chunks/node_modules_next_dist_1e8vcs8._.js:782
[  351046ms] [LOG] [Fast Refresh] done in 244926ms @ http://localhost:3000/_next/static/chunks/node_modules_next_dist_1e8vcs8._.js:782
[  351094ms] [LOG] [Fast Refresh] done in 244926ms @ http://localhost:3000/_next/static/chunks/node_modules_next_dist_1e8vcs8._.js:782
[  351156ms] [LOG] [Fast Refresh] done in 244926ms @ http://localhost:3000/_next/static/chunks/node_modules_next_dist_1e8vcs8._.js:782
[  351218ms] [LOG] [Fast Refresh] done in 244926ms @ http://localhost:3000/_next/static/chunks/node_modules_next_dist_1e8vcs8._.js:782
[  351280ms] [LOG] [Fast Refresh] done in 244926ms @ http://localhost:3000/_next/static/chunks/node_modules_next_dist_1e8vcs8._.js:782
[  351327ms] [LOG] [Fast Refresh] done in 244926ms @ http://localhost:3000/_next/static/chunks/node_modules_next_dist_1e8vcs8._.js:782
[  351388ms] [LOG] [Fast Refresh] done in 244926ms @ http://localhost:3000/_next/static/chunks/node_modules_next_dist_1e8vcs8._.js:782
[  351450ms] [LOG] [Fast Refresh] done in 244926ms @ http://localhost:3000/_next/static/chunks/node_modules_next_dist_1e8vcs8._.js:782
[  351513ms] [LOG] [Fast Refresh] done in 244926ms @ http://localhost:3000/_next/static/chunks/node_modules_next_dist_1e8vcs8._.js:782
[  351575ms] [LOG] [Fast Refresh] done in 244926ms @ http://localhost:3000/_next/static/chunks/node_modules_next_dist_1e8vcs8._.js:782
[  351638ms] [LOG] [Fast Refresh] done in 244926ms @ http://localhost:3000/_next/static/chunks/node_modules_next_dist_1e8vcs8._.js:782
[  351686ms] [LOG] [Fast Refresh] done in 244926ms @ http://localhost:3000/_next/static/chunks/node_modules_next_dist_1e8vcs8._.js:782
[  351748ms] [LOG] [Fast Refresh] done in 244926ms @ http://localhost:3000/_next/static/chunks/node_modules_next_dist_1e8vcs8._.js:782
[  351810ms] [LOG] [Fast Refresh] done in 244926ms @ http://localhost:3000/_next/static/chunks/node_modules_next_dist_1e8vcs8._.js:782
[  351873ms] [LOG] [Fast Refresh] done in 244926ms @ http://localhost:3000/_next/static/chunks/node_modules_next_dist_1e8vcs8._.js:782
[  351935ms] [LOG] [Fast Refresh] done in 244926ms @ http://localhost:3000/_next/static/chunks/node_modules_next_dist_1e8vcs8._.js:782
[  351998ms] [LOG] [Fast Refresh] done in 244926ms @ http://localhost:3000/_next/static/chunks/node_modules_next_dist_1e8vcs8._.js:782
[  352061ms] [LOG] [Fast Refresh] done in 244926ms @ http://localhost:3000/_next/static/chunks/node_modules_next_dist_1e8vcs8._.js:782
[  352108ms] [LOG] [Fast Refresh] done in 244926ms @ http://localhost:3000/_next/static/chunks/node_modules_next_dist_1e8vcs8._.js:782
[  352170ms] [LOG] [Fast Refresh] done in 244926ms @ http://localhost:3000/_next/static/chunks/node_modules_next_dist_1e8vcs8._.js:782
[  352232ms] [LOG] [Fast Refresh] done in 244926ms @ http://localhost:3000/_next/static/chunks/node_modules_next_dist_1e8vcs8._.js:782
[  352295ms] [LOG] [Fast Refresh] done in 244926ms @ http://localhost:3000/_next/static/chunks/node_modules_next_dist_1e8vcs8._.js:782
[  352356ms] [LOG] [Fast Refresh] done in 244926ms @ http://localhost:3000/_next/static/chunks/node_modules_next_dist_1e8vcs8._.js:782
[  352419ms] [LOG] [Fast Refresh] done in 244926ms @ http://localhost:3000/_next/static/chunks/node_modules_next_dist_1e8vcs8._.js:782
[  352481ms] [LOG] [Fast Refresh] done in 244926ms @ http://localhost:3000/_next/static/chunks/node_modules_next_dist_1e8vcs8._.js:782
[  352544ms] [LOG] [Fast Refresh] done in 244926ms @ http://localhost:3000/_next/static/chunks/node_modules_next_dist_1e8vcs8._.js:782
[  352605ms] [LOG] [Fast Refresh] done in 244926ms @ http://localhost:3000/_next/static/chunks/node_modules_next_dist_1e8vcs8._.js:782
[  352653ms] [LOG] [Fast Refresh] done in 244926ms @ http://localhost:3000/_next/static/chunks/node_modules_next_dist_1e8vcs8._.js:782
[  352700ms] [LOG] [Fast Refresh] done in 244926ms @ http://localhost:3000/_next/static/chunks/node_modules_next_dist_1e8vcs8._.js:782
[  352763ms] [LOG] [Fast Refresh] done in 244926ms @ http://localhost:3000/_next/static/chunks/node_modules_next_dist_1e8vcs8._.js:782
[  352810ms] [LOG] [Fast Refresh] done in 244926ms @ http://localhost:3000/_next/static/chunks/node_modules_next_dist_1e8vcs8._.js:782
[  352871ms] [LOG] [Fast Refresh] done in 244926ms @ http://localhost:3000/_next/static/chunks/node_modules_next_dist_1e8vcs8._.js:782
[  352918ms] [LOG] [Fast Refresh] done in 244926ms @ http://localhost:3000/_next/static/chunks/node_modules_next_dist_1e8vcs8._.js:782
[  352981ms] [LOG] [Fast Refresh] done in 244926ms @ http://localhost:3000/_next/static/chunks/node_modules_next_dist_1e8vcs8._.js:782
[  353028ms] [LOG] [Fast Refresh] done in 244926ms @ http://localhost:3000/_next/static/chunks/node_modules_next_dist_1e8vcs8._.js:782
[  353090ms] [LOG] [Fast Refresh] done in 244926ms @ http://localhost:3000/_next/static/chunks/node_modules_next_dist_1e8vcs8._.js:782
[  353152ms] [LOG] [Fast Refresh] done in 244926ms @ http://localhost:3000/_next/static/chunks/node_modules_next_dist_1e8vcs8._.js:782
[  353199ms] [LOG] [Fast Refresh] done in 244926ms @ http://localhost:3000/_next/static/chunks/node_modules_next_dist_1e8vcs8._.js:782
[  353262ms] [LOG] [Fast Refresh] done in 244926ms @ http://localhost:3000/_next/static/chunks/node_modules_next_dist_1e8vcs8._.js:782
[  353324ms] [LOG] [Fast Refresh] done in 244926ms @ http://localhost:3000/_next/static/chunks/node_modules_next_dist_1e8vcs8._.js:782
[  353387ms] [LOG] [Fast Refresh] done in 244926ms @ http://localhost:3000/_next/static/chunks/node_modules_next_dist_1e8vcs8._.js:782
[  353449ms] [LOG] [Fast Refresh] done in 244926ms @ http://localhost:3000/_next/static/chunks/node_modules_next_dist_1e8vcs8._.js:782
[  353512ms] [LOG] [Fast Refresh] done in 244926ms @ http://localhost:3000/_next/static/chunks/node_modules_next_dist_1e8vcs8._.js:782
[  353574ms] [LOG] [Fast Refresh] done in 244926ms @ http://localhost:3000/_next/static/chunks/node_modules_next_dist_1e8vcs8._.js:782
[  353638ms] [LOG] [Fast Refresh] done in 244926ms @ http://localhost:3000/_next/static/chunks/node_modules_next_dist_1e8vcs8._.js:782
[  353702ms] [LOG] [Fast Refresh] done in 244926ms @ http://localhost:3000/_next/static/chunks/node_modules_next_dist_1e8vcs8._.js:782
[  353765ms] [LOG] [Fast Refresh] done in 244926ms @ http://localhost:3000/_next/static/chunks/node_modules_next_dist_1e8vcs8._.js:782
[  353813ms] [LOG] [Fast Refresh] done in 244926ms @ http://localhost:3000/_next/static/chunks/node_modules_next_dist_1e8vcs8._.js:782
[  353876ms] [LOG] [Fast Refresh] done in 244926ms @ http://localhost:3000/_next/static/chunks/node_modules_next_dist_1e8vcs8._.js:782
[  353938ms] [LOG] [Fast Refresh] done in 244926ms @ http://localhost:3000/_next/static/chunks/node_modules_next_dist_1e8vcs8._.js:782
[  353986ms] [LOG] [Fast Refresh] done in 244926ms @ http://localhost:3000/_next/static/chunks/node_modules_next_dist_1e8vcs8._.js:782
[  354047ms] [LOG] [Fast Refresh] done in 244926ms @ http://localhost:3000/_next/static/chunks/node_modules_next_dist_1e8vcs8._.js:782
[  354110ms] [LOG] [Fast Refresh] done in 244926ms @ http://localhost:3000/_next/static/chunks/node_modules_next_dist_1e8vcs8._.js:782
[  354172ms] [LOG] [Fast Refresh] done in 244926ms @ http://localhost:3000/_next/static/chunks/node_modules_next_dist_1e8vcs8._.js:782
[  354220ms] [LOG] [Fast Refresh] done in 244926ms @ http://localhost:3000/_next/static/chunks/node_modules_next_dist_1e8vcs8._.js:782
[  354282ms] [LOG] [Fast Refresh] done in 244926ms @ http://localhost:3000/_next/static/chunks/node_modules_next_dist_1e8vcs8._.js:782
[  354344ms] [LOG] [Fast Refresh] done in 244926ms @ http://localhost:3000/_next/static/chunks/node_modules_next_dist_1e8vcs8._.js:782
[  354407ms] [LOG] [Fast Refresh] done in 244926ms @ http://localhost:3000/_next/static/chunks/node_modules_next_dist_1e8vcs8._.js:782
[  354468ms] [LOG] [Fast Refresh] done in 244926ms @ http://localhost:3000/_next/static/chunks/node_modules_next_dist_1e8vcs8._.js:782
[  354531ms] [LOG] [Fast Refresh] done in 244926ms @ http://localhost:3000/_next/static/chunks/node_modules_next_dist_1e8vcs8._.js:782
[  354593ms] [LOG] [Fast Refresh] done in 244926ms @ http://localhost:3000/_next/static/chunks/node_modules_next_dist_1e8vcs8._.js:782
[  354656ms] [LOG] [Fast Refresh] done in 244926ms @ http://localhost:3000/_next/static/chunks/node_modules_next_dist_1e8vcs8._.js:782
[  354718ms] [LOG] [Fast Refresh] done in 244926ms @ http://localhost:3000/_next/static/chunks/node_modules_next_dist_1e8vcs8._.js:782
[  354780ms] [LOG] [Fast Refresh] done in 244926ms @ http://localhost:3000/_next/static/chunks/node_modules_next_dist_1e8vcs8._.js:782
[  354843ms] [LOG] [Fast Refresh] done in 244926ms @ http://localhost:3000/_next/static/chunks/node_modules_next_dist_1e8vcs8._.js:782
[  354904ms] [LOG] [Fast Refresh] done in 244926ms @ http://localhost:3000/_next/static/chunks/node_modules_next_dist_1e8vcs8._.js:782
[  354967ms] [LOG] [Fast Refresh] done in 244926ms @ http://localhost:3000/_next/static/chunks/node_modules_next_dist_1e8vcs8._.js:782
[  355029ms] [LOG] [Fast Refresh] done in 244926ms @ http://localhost:3000/_next/static/chunks/node_modules_next_dist_1e8vcs8._.js:782
[  355076ms] [LOG] [Fast Refresh] done in 244926ms @ http://localhost:3000/_next/static/chunks/node_modules_next_dist_1e8vcs8._.js:782
[  355139ms] [LOG] [Fast Refresh] done in 244926ms @ http://localhost:3000/_next/static/chunks/node_modules_next_dist_1e8vcs8._.js:782
[  355201ms] [LOG] [Fast Refresh] done in 244926ms @ http://localhost:3000/_next/static/chunks/node_modules_next_dist_1e8vcs8._.js:782
[  355263ms] [LOG] [Fast Refresh] done in 244926ms @ http://localhost:3000/_next/static/chunks/node_modules_next_dist_1e8vcs8._.js:782
[  355327ms] [LOG] [Fast Refresh] done in 244926ms @ http://localhost:3000/_next/static/chunks/node_modules_next_dist_1e8vcs8._.js:782
[  355389ms] [LOG] [Fast Refresh] done in 244926ms @ http://localhost:3000/_next/static/chunks/node_modules_next_dist_1e8vcs8._.js:782
[  355436ms] [LOG] [Fast Refresh] done in 244926ms @ http://localhost:3000/_next/static/chunks/node_modules_next_dist_1e8vcs8._.js:782
[  355498ms] [LOG] [Fast Refresh] done in 244926ms @ http://localhost:3000/_next/static/chunks/node_modules_next_dist_1e8vcs8._.js:782
[  355560ms] [LOG] [Fast Refresh] done in 244926ms @ http://localhost:3000/_next/static/chunks/node_modules_next_dist_1e8vcs8._.js:782
[  355622ms] [LOG] [Fast Refresh] done in 244926ms @ http://localhost:3000/_next/static/chunks/node_modules_next_dist_1e8vcs8._.js:782
[  355685ms] [LOG] [Fast Refresh] done in 244926ms @ http://localhost:3000/_next/static/chunks/node_modules_next_dist_1e8vcs8._.js:782
[  355733ms] [LOG] [Fast Refresh] done in 244926ms @ http://localhost:3000/_next/static/chunks/node_modules_next_dist_1e8vcs8._.js:782
[  355781ms] [LOG] [Fast Refresh] done in 244926ms @ http://localhost:3000/_next/static/chunks/node_modules_next_dist_1e8vcs8._.js:782
[  355843ms] [LOG] [Fast Refresh] done in 244926ms @ http://localhost:3000/_next/static/chunks/node_modules_next_dist_1e8vcs8._.js:782
[  355905ms] [LOG] [Fast Refresh] done in 244926ms @ http://localhost:3000/_next/static/chunks/node_modules_next_dist_1e8vcs8._.js:782
[  355967ms] [LOG] [Fast Refresh] done in 244926ms @ http://localhost:3000/_next/static/chunks/node_modules_next_dist_1e8vcs8._.js:782
[  356030ms] [LOG] [Fast Refresh] done in 244926ms @ http://localhost:3000/_next/static/chunks/node_modules_next_dist_1e8vcs8._.js:782
[  356092ms] [LOG] [Fast Refresh] done in 244926ms @ http://localhost:3000/_next/static/chunks/node_modules_next_dist_1e8vcs8._.js:782
[  356155ms] [LOG] [Fast Refresh] done in 244926ms @ http://localhost:3000/_next/static/chunks/node_modules_next_dist_1e8vcs8._.js:782
[  356217ms] [LOG] [Fast Refresh] done in 244926ms @ http://localhost:3000/_next/static/chunks/node_modules_next_dist_1e8vcs8._.js:782
[  356278ms] [LOG] [Fast Refresh] done in 244926ms @ http://localhost:3000/_next/static/chunks/node_modules_next_dist_1e8vcs8._.js:782
[  356340ms] [LOG] [Fast Refresh] done in 244926ms @ http://localhost:3000/_next/static/chunks/node_modules_next_dist_1e8vcs8._.js:782
[  356402ms] [LOG] [Fast Refresh] done in 244926ms @ http://localhost:3000/_next/static/chunks/node_modules_next_dist_1e8vcs8._.js:782
[  356465ms] [LOG] [Fast Refresh] done in 244926ms @ http://localhost:3000/_next/static/chunks/node_modules_next_dist_1e8vcs8._.js:782
[  356512ms] [LOG] [Fast Refresh] done in 244926ms @ http://localhost:3000/_next/static/chunks/node_modules_next_dist_1e8vcs8._.js:782
[  356574ms] [LOG] [Fast Refresh] done in 244926ms @ http://localhost:3000/_next/static/chunks/node_modules_next_dist_1e8vcs8._.js:782
[  356636ms] [LOG] [Fast Refresh] done in 244926ms @ http://localhost:3000/_next/static/chunks/node_modules_next_dist_1e8vcs8._.js:782
[  356698ms] [LOG] [Fast Refresh] done in 244926ms @ http://localhost:3000/_next/static/chunks/node_modules_next_dist_1e8vcs8._.js:782
[  356761ms] [LOG] [Fast Refresh] done in 244926ms @ http://localhost:3000/_next/static/chunks/node_modules_next_dist_1e8vcs8._.js:782
[  356822ms] [LOG] [Fast Refresh] done in 244926ms @ http://localhost:3000/_next/static/chunks/node_modules_next_dist_1e8vcs8._.js:782
[  356868ms] [LOG] [Fast Refresh] done in 244926ms @ http://localhost:3000/_next/static/chunks/node_modules_next_dist_1e8vcs8._.js:782
[  356915ms] [LOG] [Fast Refresh] done in 244926ms @ http://localhost:3000/_next/static/chunks/node_modules_next_dist_1e8vcs8._.js:782
[  356978ms] [LOG] [Fast Refresh] done in 244926ms @ http://localhost:3000/_next/static/chunks/node_modules_next_dist_1e8vcs8._.js:782
[  357026ms] [LOG] [Fast Refresh] done in 244926ms @ http://localhost:3000/_next/static/chunks/node_modules_next_dist_1e8vcs8._.js:782
[  357073ms] [LOG] [Fast Refresh] done in 244926ms @ http://localhost:3000/_next/static/chunks/node_modules_next_dist_1e8vcs8._.js:782
[  357119ms] [LOG] [Fast Refresh] done in 244926ms @ http://localhost:3000/_next/static/chunks/node_modules_next_dist_1e8vcs8._.js:782
[  357181ms] [LOG] [Fast Refresh] done in 244926ms @ http://localhost:3000/_next/static/chunks/node_modules_next_dist_1e8vcs8._.js:782
[  357243ms] [LOG] [Fast Refresh] done in 244926ms @ http://localhost:3000/_next/static/chunks/node_modules_next_dist_1e8vcs8._.js:782
[  357305ms] [LOG] [Fast Refresh] done in 244926ms @ http://localhost:3000/_next/static/chunks/node_modules_next_dist_1e8vcs8._.js:782
[  357367ms] [LOG] [Fast Refresh] done in 244926ms @ http://localhost:3000/_next/static/chunks/node_modules_next_dist_1e8vcs8._.js:782
[  357414ms] [LOG] [Fast Refresh] done in 244926ms @ http://localhost:3000/_next/static/chunks/node_modules_next_dist_1e8vcs8._.js:782
[  357461ms] [LOG] [Fast Refresh] done in 244926ms @ http://localhost:3000/_next/static/chunks/node_modules_next_dist_1e8vcs8._.js:782
[  357524ms] [LOG] [Fast Refresh] done in 244926ms @ http://localhost:3000/_next/static/chunks/node_modules_next_dist_1e8vcs8._.js:782
[  357585ms] [LOG] [Fast Refresh] done in 244926ms @ http://localhost:3000/_next/static/chunks/node_modules_next_dist_1e8vcs8._.js:782
[  357648ms] [LOG] [Fast Refresh] done in 244926ms @ http://localhost:3000/_next/static/chunks/node_modules_next_dist_1e8vcs8._.js:782
[  357710ms] [LOG] [Fast Refresh] done in 244926ms @ http://localhost:3000/_next/static/chunks/node_modules_next_dist_1e8vcs8._.js:782
[  357771ms] [LOG] [Fast Refresh] done in 244926ms @ http://localhost:3000/_next/static/chunks/node_modules_next_dist_1e8vcs8._.js:782
[  357819ms] [LOG] [Fast Refresh] done in 244926ms @ http://localhost:3000/_next/static/chunks/node_modules_next_dist_1e8vcs8._.js:782
[  357881ms] [LOG] [Fast Refresh] done in 244926ms @ http://localhost:3000/_next/static/chunks/node_modules_next_dist_1e8vcs8._.js:782
[  357944ms] [LOG] [Fast Refresh] done in 244926ms @ http://localhost:3000/_next/static/chunks/node_modules_next_dist_1e8vcs8._.js:782
[  357992ms] [LOG] [Fast Refresh] done in 244926ms @ http://localhost:3000/_next/static/chunks/node_modules_next_dist_1e8vcs8._.js:782
[  358055ms] [LOG] [Fast Refresh] done in 244926ms @ http://localhost:3000/_next/static/chunks/node_modules_next_dist_1e8vcs8._.js:782
[  358102ms] [LOG] [Fast Refresh] done in 244926ms @ http://localhost:3000/_next/static/chunks/node_modules_next_dist_1e8vcs8._.js:782
[  358150ms] [LOG] [Fast Refresh] done in 244926ms @ http://localhost:3000/_next/static/chunks/node_modules_next_dist_1e8vcs8._.js:782
[  358213ms] [LOG] [Fast Refresh] done in 244926ms @ http://localhost:3000/_next/static/chunks/node_modules_next_dist_1e8vcs8._.js:782
[  358275ms] [LOG] [Fast Refresh] done in 244926ms @ http://localhost:3000/_next/static/chunks/node_modules_next_dist_1e8vcs8._.js:782
[  358338ms] [LOG] [Fast Refresh] done in 244926ms @ http://localhost:3000/_next/static/chunks/node_modules_next_dist_1e8vcs8._.js:782
[  358401ms] [LOG] [Fast Refresh] done in 244926ms @ http://localhost:3000/_next/static/chunks/node_modules_next_dist_1e8vcs8._.js:782
[  358448ms] [LOG] [Fast Refresh] done in 244926ms @ http://localhost:3000/_next/static/chunks/node_modules_next_dist_1e8vcs8._.js:782
[  358510ms] [LOG] [Fast Refresh] done in 244926ms @ http://localhost:3000/_next/static/chunks/node_modules_next_dist_1e8vcs8._.js:782
[  358557ms] [LOG] [Fast Refresh] done in 244926ms @ http://localhost:3000/_next/static/chunks/node_modules_next_dist_1e8vcs8._.js:782
[  358619ms] [LOG] [Fast Refresh] done in 244926ms @ http://localhost:3000/_next/static/chunks/node_modules_next_dist_1e8vcs8._.js:782
[  358683ms] [LOG] [Fast Refresh] done in 244926ms @ http://localhost:3000/_next/static/chunks/node_modules_next_dist_1e8vcs8._.js:782
[  358744ms] [LOG] [Fast Refresh] done in 244926ms @ http://localhost:3000/_next/static/chunks/node_modules_next_dist_1e8vcs8._.js:782
[  358806ms] [LOG] [Fast Refresh] done in 244926ms @ http://localhost:3000/_next/static/chunks/node_modules_next_dist_1e8vcs8._.js:782
[  358867ms] [LOG] [Fast Refresh] done in 244926ms @ http://localhost:3000/_next/static/chunks/node_modules_next_dist_1e8vcs8._.js:782
[  358928ms] [LOG] [Fast Refresh] done in 244926ms @ http://localhost:3000/_next/static/chunks/node_modules_next_dist_1e8vcs8._.js:782
[  358991ms] [LOG] [Fast Refresh] done in 244926ms @ http://localhost:3000/_next/static/chunks/node_modules_next_dist_1e8vcs8._.js:782
[  359053ms] [LOG] [Fast Refresh] done in 244926ms @ http://localhost:3000/_next/static/chunks/node_modules_next_dist_1e8vcs8._.js:782
[  359101ms] [LOG] [Fast Refresh] done in 244926ms @ http://localhost:3000/_next/static/chunks/node_modules_next_dist_1e8vcs8._.js:782
[  359163ms] [LOG] [Fast Refresh] done in 244926ms @ http://localhost:3000/_next/static/chunks/node_modules_next_dist_1e8vcs8._.js:782
[  359225ms] [LOG] [Fast Refresh] done in 244926ms @ http://localhost:3000/_next/static/chunks/node_modules_next_dist_1e8vcs8._.js:782
[  359272ms] [LOG] [Fast Refresh] done in 244926ms @ http://localhost:3000/_next/static/chunks/node_modules_next_dist_1e8vcs8._.js:782
[  359319ms] [LOG] [Fast Refresh] done in 244926ms @ http://localhost:3000/_next/static/chunks/node_modules_next_dist_1e8vcs8._.js:782
[  359367ms] [LOG] [Fast Refresh] done in 244926ms @ http://localhost:3000/_next/static/chunks/node_modules_next_dist_1e8vcs8._.js:782
[  359429ms] [LOG] [Fast Refresh] done in 244926ms @ http://localhost:3000/_next/static/chunks/node_modules_next_dist_1e8vcs8._.js:782
[  359491ms] [LOG] [Fast Refresh] done in 244926ms @ http://localhost:3000/_next/static/chunks/node_modules_next_dist_1e8vcs8._.js:782
[  359553ms] [LOG] [Fast Refresh] done in 244926ms @ http://localhost:3000/_next/static/chunks/node_modules_next_dist_1e8vcs8._.js:782
[  359616ms] [LOG] [Fast Refresh] done in 244926ms @ http://localhost:3000/_next/static/chunks/node_modules_next_dist_1e8vcs8._.js:782
[  359678ms] [LOG] [Fast Refresh] done in 244926ms @ http://localhost:3000/_next/static/chunks/node_modules_next_dist_1e8vcs8._.js:782
[  359725ms] [LOG] [Fast Refresh] done in 244926ms @ http://localhost:3000/_next/static/chunks/node_modules_next_dist_1e8vcs8._.js:782
[  359788ms] [LOG] [Fast Refresh] done in 244926ms @ http://localhost:3000/_next/static/chunks/node_modules_next_dist_1e8vcs8._.js:782
[  359851ms] [LOG] [Fast Refresh] done in 244926ms @ http://localhost:3000/_next/static/chunks/node_modules_next_dist_1e8vcs8._.js:782
[  359912ms] [LOG] [Fast Refresh] done in 244926ms @ http://localhost:3000/_next/static/chunks/node_modules_next_dist_1e8vcs8._.js:782
[  359959ms] [LOG] [Fast Refresh] done in 244926ms @ http://localhost:3000/_next/static/chunks/node_modules_next_dist_1e8vcs8._.js:782
[  360021ms] [LOG] [Fast Refresh] done in 244926ms @ http://localhost:3000/_next/static/chunks/node_modules_next_dist_1e8vcs8._.js:782
[  360083ms] [LOG] [Fast Refresh] done in 244926ms @ http://localhost:3000/_next/static/chunks/node_modules_next_dist_1e8vcs8._.js:782
[  360145ms] [LOG] [Fast Refresh] done in 244926ms @ http://localhost:3000/_next/static/chunks/node_modules_next_dist_1e8vcs8._.js:782
[  360192ms] [LOG] [Fast Refresh] done in 244926ms @ http://localhost:3000/_next/static/chunks/node_modules_next_dist_1e8vcs8._.js:782
[  360254ms] [LOG] [Fast Refresh] done in 244926ms @ http://localhost:3000/_next/static/chunks/node_modules_next_dist_1e8vcs8._.js:782
[  360317ms] [LOG] [Fast Refresh] done in 244926ms @ http://localhost:3000/_next/static/chunks/node_modules_next_dist_1e8vcs8._.js:782
[  360380ms] [LOG] [Fast Refresh] done in 244926ms @ http://localhost:3000/_next/static/chunks/node_modules_next_dist_1e8vcs8._.js:782
[  360442ms] [LOG] [Fast Refresh] done in 244926ms @ http://localhost:3000/_next/static/chunks/node_modules_next_dist_1e8vcs8._.js:782
[  360505ms] [LOG] [Fast Refresh] done in 244926ms @ http://localhost:3000/_next/static/chunks/node_modules_next_dist_1e8vcs8._.js:782
[  360567ms] [LOG] [Fast Refresh] done in 244926ms @ http://localhost:3000/_next/static/chunks/node_modules_next_dist_1e8vcs8._.js:782
[  360629ms] [LOG] [Fast Refresh] done in 244926ms @ http://localhost:3000/_next/static/chunks/node_modules_next_dist_1e8vcs8._.js:782
[  360691ms] [LOG] [Fast Refresh] done in 244926ms @ http://localhost:3000/_next/static/chunks/node_modules_next_dist_1e8vcs8._.js:782
[  360739ms] [LOG] [Fast Refresh] done in 244926ms @ http://localhost:3000/_next/static/chunks/node_modules_next_dist_1e8vcs8._.js:782
[  360800ms] [LOG] [Fast Refresh] done in 244926ms @ http://localhost:3000/_next/static/chunks/node_modules_next_dist_1e8vcs8._.js:782
[  360863ms] [LOG] [Fast Refresh] done in 244926ms @ http://localhost:3000/_next/static/chunks/node_modules_next_dist_1e8vcs8._.js:782
[  360925ms] [LOG] [Fast Refresh] done in 244926ms @ http://localhost:3000/_next/static/chunks/node_modules_next_dist_1e8vcs8._.js:782
[  360987ms] [LOG] [Fast Refresh] done in 244926ms @ http://localhost:3000/_next/static/chunks/node_modules_next_dist_1e8vcs8._.js:782
[  361049ms] [LOG] [Fast Refresh] done in 244926ms @ http://localhost:3000/_next/static/chunks/node_modules_next_dist_1e8vcs8._.js:782
[  361112ms] [LOG] [Fast Refresh] done in 244926ms @ http://localhost:3000/_next/static/chunks/node_modules_next_dist_1e8vcs8._.js:782
[  361174ms] [LOG] [Fast Refresh] done in 244926ms @ http://localhost:3000/_next/static/chunks/node_modules_next_dist_1e8vcs8._.js:782
[  361221ms] [LOG] [Fast Refresh] done in 244926ms @ http://localhost:3000/_next/static/chunks/node_modules_next_dist_1e8vcs8._.js:782
[  361282ms] [LOG] [Fast Refresh] done in 244926ms @ http://localhost:3000/_next/static/chunks/node_modules_next_dist_1e8vcs8._.js:782
[  361346ms] [LOG] [Fast Refresh] done in 244926ms @ http://localhost:3000/_next/static/chunks/node_modules_next_dist_1e8vcs8._.js:782
[  361408ms] [LOG] [Fast Refresh] done in 244926ms @ http://localhost:3000/_next/static/chunks/node_modules_next_dist_1e8vcs8._.js:782
[  361471ms] [LOG] [Fast Refresh] done in 244926ms @ http://localhost:3000/_next/static/chunks/node_modules_next_dist_1e8vcs8._.js:782
[  361534ms] [LOG] [Fast Refresh] done in 244926ms @ http://localhost:3000/_next/static/chunks/node_modules_next_dist_1e8vcs8._.js:782
[  361580ms] [LOG] [Fast Refresh] done in 244926ms @ http://localhost:3000/_next/static/chunks/node_modules_next_dist_1e8vcs8._.js:782
[  361642ms] [LOG] [Fast Refresh] done in 244926ms @ http://localhost:3000/_next/static/chunks/node_modules_next_dist_1e8vcs8._.js:782
[  361703ms] [LOG] [Fast Refresh] done in 244926ms @ http://localhost:3000/_next/static/chunks/node_modules_next_dist_1e8vcs8._.js:782
[  361765ms] [LOG] [Fast Refresh] done in 244926ms @ http://localhost:3000/_next/static/chunks/node_modules_next_dist_1e8vcs8._.js:782
[  361828ms] [LOG] [Fast Refresh] done in 244926ms @ http://localhost:3000/_next/static/chunks/node_modules_next_dist_1e8vcs8._.js:782
[  361891ms] [LOG] [Fast Refresh] done in 244926ms @ http://localhost:3000/_next/static/chunks/node_modules_next_dist_1e8vcs8._.js:782
[  361952ms] [LOG] [Fast Refresh] done in 244926ms @ http://localhost:3000/_next/static/chunks/node_modules_next_dist_1e8vcs8._.js:782
[  362015ms] [LOG] [Fast Refresh] done in 244926ms @ http://localhost:3000/_next/static/chunks/node_modules_next_dist_1e8vcs8._.js:782
[  362063ms] [LOG] [Fast Refresh] done in 244926ms @ http://localhost:3000/_next/static/chunks/node_modules_next_dist_1e8vcs8._.js:782
[  362126ms] [LOG] [Fast Refresh] done in 244926ms @ http://localhost:3000/_next/static/chunks/node_modules_next_dist_1e8vcs8._.js:782
[  362173ms] [LOG] [Fast Refresh] done in 244926ms @ http://localhost:3000/_next/static/chunks/node_modules_next_dist_1e8vcs8._.js:782
[  362220ms] [LOG] [Fast Refresh] done in 244926ms @ http://localhost:3000/_next/static/chunks/node_modules_next_dist_1e8vcs8._.js:782
[  362267ms] [LOG] [Fast Refresh] done in 244926ms @ http://localhost:3000/_next/static/chunks/node_modules_next_dist_1e8vcs8._.js:782
[  362330ms] [LOG] [Fast Refresh] done in 244926ms @ http://localhost:3000/_next/static/chunks/node_modules_next_dist_1e8vcs8._.js:782
[  362392ms] [LOG] [Fast Refresh] done in 244926ms @ http://localhost:3000/_next/static/chunks/node_modules_next_dist_1e8vcs8._.js:782
[  362453ms] [LOG] [Fast Refresh] done in 244926ms @ http://localhost:3000/_next/static/chunks/node_modules_next_dist_1e8vcs8._.js:782
[  362501ms] [LOG] [Fast Refresh] done in 244926ms @ http://localhost:3000/_next/static/chunks/node_modules_next_dist_1e8vcs8._.js:782
[  362549ms] [LOG] [Fast Refresh] done in 244926ms @ http://localhost:3000/_next/static/chunks/node_modules_next_dist_1e8vcs8._.js:782
[  362612ms] [LOG] [Fast Refresh] done in 244926ms @ http://localhost:3000/_next/static/chunks/node_modules_next_dist_1e8vcs8._.js:782
[  362660ms] [LOG] [Fast Refresh] done in 244926ms @ http://localhost:3000/_next/static/chunks/node_modules_next_dist_1e8vcs8._.js:782
[  362722ms] [LOG] [Fast Refresh] done in 244926ms @ http://localhost:3000/_next/static/chunks/node_modules_next_dist_1e8vcs8._.js:782
[  362783ms] [LOG] [Fast Refresh] done in 244926ms @ http://localhost:3000/_next/static/chunks/node_modules_next_dist_1e8vcs8._.js:782
[  362846ms] [LOG] [Fast Refresh] done in 244926ms @ http://localhost:3000/_next/static/chunks/node_modules_next_dist_1e8vcs8._.js:782
[  362893ms] [LOG] [Fast Refresh] done in 244926ms @ http://localhost:3000/_next/static/chunks/node_modules_next_dist_1e8vcs8._.js:782
[  362956ms] [LOG] [Fast Refresh] done in 244926ms @ http://localhost:3000/_next/static/chunks/node_modules_next_dist_1e8vcs8._.js:782
[  363018ms] [LOG] [Fast Refresh] done in 244926ms @ http://localhost:3000/_next/static/chunks/node_modules_next_dist_1e8vcs8._.js:782
[  363081ms] [LOG] [Fast Refresh] done in 244926ms @ http://localhost:3000/_next/static/chunks/node_modules_next_dist_1e8vcs8._.js:782
[  363143ms] [LOG] [Fast Refresh] done in 244926ms @ http://localhost:3000/_next/static/chunks/node_modules_next_dist_1e8vcs8._.js:782
[  363205ms] [LOG] [Fast Refresh] done in 244926ms @ http://localhost:3000/_next/static/chunks/node_modules_next_dist_1e8vcs8._.js:782
[  363267ms] [LOG] [Fast Refresh] done in 244926ms @ http://localhost:3000/_next/static/chunks/node_modules_next_dist_1e8vcs8._.js:782
[  363329ms] [LOG] [Fast Refresh] done in 244926ms @ http://localhost:3000/_next/static/chunks/node_modules_next_dist_1e8vcs8._.js:782
[  363377ms] [LOG] [Fast Refresh] done in 244926ms @ http://localhost:3000/_next/static/chunks/node_modules_next_dist_1e8vcs8._.js:782
[  363439ms] [LOG] [Fast Refresh] done in 244926ms @ http://localhost:3000/_next/static/chunks/node_modules_next_dist_1e8vcs8._.js:782
[  363501ms] [LOG] [Fast Refresh] done in 244926ms @ http://localhost:3000/_next/static/chunks/node_modules_next_dist_1e8vcs8._.js:782
[  363563ms] [LOG] [Fast Refresh] done in 244926ms @ http://localhost:3000/_next/static/chunks/node_modules_next_dist_1e8vcs8._.js:782
[  363627ms] [LOG] [Fast Refresh] done in 244926ms @ http://localhost:3000/_next/static/chunks/node_modules_next_dist_1e8vcs8._.js:782
[  363674ms] [LOG] [Fast Refresh] done in 244926ms @ http://localhost:3000/_next/static/chunks/node_modules_next_dist_1e8vcs8._.js:782
[  363737ms] [LOG] [Fast Refresh] done in 244926ms @ http://localhost:3000/_next/static/chunks/node_modules_next_dist_1e8vcs8._.js:782
[  363798ms] [LOG] [Fast Refresh] done in 244926ms @ http://localhost:3000/_next/static/chunks/node_modules_next_dist_1e8vcs8._.js:782
[  363861ms] [LOG] [Fast Refresh] done in 244926ms @ http://localhost:3000/_next/static/chunks/node_modules_next_dist_1e8vcs8._.js:782
[  363908ms] [LOG] [Fast Refresh] done in 244926ms @ http://localhost:3000/_next/static/chunks/node_modules_next_dist_1e8vcs8._.js:782
[  363970ms] [LOG] [Fast Refresh] done in 244926ms @ http://localhost:3000/_next/static/chunks/node_modules_next_dist_1e8vcs8._.js:782
[  364033ms] [LOG] [Fast Refresh] done in 244926ms @ http://localhost:3000/_next/static/chunks/node_modules_next_dist_1e8vcs8._.js:782
[  364095ms] [LOG] [Fast Refresh] done in 244926ms @ http://localhost:3000/_next/static/chunks/node_modules_next_dist_1e8vcs8._.js:782
[  364157ms] [LOG] [Fast Refresh] done in 244926ms @ http://localhost:3000/_next/static/chunks/node_modules_next_dist_1e8vcs8._.js:782
[  364219ms] [LOG] [Fast Refresh] done in 244926ms @ http://localhost:3000/_next/static/chunks/node_modules_next_dist_1e8vcs8._.js:782
[  364267ms] [LOG] [Fast Refresh] done in 244926ms @ http://localhost:3000/_next/static/chunks/node_modules_next_dist_1e8vcs8._.js:782
[  364329ms] [LOG] [Fast Refresh] done in 244926ms @ http://localhost:3000/_next/static/chunks/node_modules_next_dist_1e8vcs8._.js:782
[  364392ms] [LOG] [Fast Refresh] done in 244926ms @ http://localhost:3000/_next/static/chunks/node_modules_next_dist_1e8vcs8._.js:782
[  364454ms] [LOG] [Fast Refresh] done in 244926ms @ http://localhost:3000/_next/static/chunks/node_modules_next_dist_1e8vcs8._.js:782
[  364516ms] [LOG] [Fast Refresh] done in 244926ms @ http://localhost:3000/_next/static/chunks/node_modules_next_dist_1e8vcs8._.js:782
[  364579ms] [LOG] [Fast Refresh] done in 244926ms @ http://localhost:3000/_next/static/chunks/node_modules_next_dist_1e8vcs8._.js:782
[  364642ms] [LOG] [Fast Refresh] done in 244926ms @ http://localhost:3000/_next/static/chunks/node_modules_next_dist_1e8vcs8._.js:782
[  364704ms] [LOG] [Fast Refresh] done in 244926ms @ http://localhost:3000/_next/static/chunks/node_modules_next_dist_1e8vcs8._.js:782
[  364767ms] [LOG] [Fast Refresh] done in 244926ms @ http://localhost:3000/_next/static/chunks/node_modules_next_dist_1e8vcs8._.js:782
[  364829ms] [LOG] [Fast Refresh] done in 244926ms @ http://localhost:3000/_next/static/chunks/node_modules_next_dist_1e8vcs8._.js:782
[  364892ms] [LOG] [Fast Refresh] done in 244926ms @ http://localhost:3000/_next/static/chunks/node_modules_next_dist_1e8vcs8._.js:782
[  364939ms] [LOG] [Fast Refresh] done in 244926ms @ http://localhost:3000/_next/static/chunks/node_modules_next_dist_1e8vcs8._.js:782
[  365002ms] [LOG] [Fast Refresh] done in 244926ms @ http://localhost:3000/_next/static/chunks/node_modules_next_dist_1e8vcs8._.js:782
[  365066ms] [LOG] [Fast Refresh] done in 244926ms @ http://localhost:3000/_next/static/chunks/node_modules_next_dist_1e8vcs8._.js:782
[  365114ms] [LOG] [Fast Refresh] done in 244926ms @ http://localhost:3000/_next/static/chunks/node_modules_next_dist_1e8vcs8._.js:782
[  365175ms] [LOG] [Fast Refresh] done in 244926ms @ http://localhost:3000/_next/static/chunks/node_modules_next_dist_1e8vcs8._.js:782
[  365238ms] [LOG] [Fast Refresh] done in 244926ms @ http://localhost:3000/_next/static/chunks/node_modules_next_dist_1e8vcs8._.js:782
[  365300ms] [LOG] [Fast Refresh] done in 244926ms @ http://localhost:3000/_next/static/chunks/node_modules_next_dist_1e8vcs8._.js:782
[  365363ms] [LOG] [Fast Refresh] done in 244926ms @ http://localhost:3000/_next/static/chunks/node_modules_next_dist_1e8vcs8._.js:782
[  365424ms] [LOG] [Fast Refresh] done in 244926ms @ http://localhost:3000/_next/static/chunks/node_modules_next_dist_1e8vcs8._.js:782
[  365487ms] [LOG] [Fast Refresh] done in 244926ms @ http://localhost:3000/_next/static/chunks/node_modules_next_dist_1e8vcs8._.js:782
[  365550ms] [LOG] [Fast Refresh] done in 244926ms @ http://localhost:3000/_next/static/chunks/node_modules_next_dist_1e8vcs8._.js:782
[  365613ms] [LOG] [Fast Refresh] done in 244926ms @ http://localhost:3000/_next/static/chunks/node_modules_next_dist_1e8vcs8._.js:782
[  365661ms] [LOG] [Fast Refresh] done in 244926ms @ http://localhost:3000/_next/static/chunks/node_modules_next_dist_1e8vcs8._.js:782
[  365723ms] [LOG] [Fast Refresh] done in 244926ms @ http://localhost:3000/_next/static/chunks/node_modules_next_dist_1e8vcs8._.js:782
[  365785ms] [LOG] [Fast Refresh] done in 244926ms @ http://localhost:3000/_next/static/chunks/node_modules_next_dist_1e8vcs8._.js:782
[  365847ms] [LOG] [Fast Refresh] done in 244926ms @ http://localhost:3000/_next/static/chunks/node_modules_next_dist_1e8vcs8._.js:782
[  365904ms] [LOG] [Fast Refresh] done in 244926ms @ http://localhost:3000/_next/static/chunks/node_modules_next_dist_1e8vcs8._.js:782
[  366128ms] [LOG] [Fast Refresh] rebuilding @ http://localhost:3000/_next/static/chunks/node_modules_next_dist_1e8vcs8._.js:782
[  366175ms] [LOG] [Fast Refresh] done in 158ms @ http://localhost:3000/_next/static/chunks/node_modules_next_dist_1e8vcs8._.js:782
